category,subcategory,ID,Description,GeneRatio,BgRatio,RichFactor,FoldEnrichment,zScore,pvalue,p.adjust,qvalue,geneID,Count
Environmental Information Processing,Signal transduction,hsa04015,Rap1 signaling pathway,10/116,212/9500,0.04716981132075472,3.863044892648016,4.6871507729667,2.575044699895247e-4,0.030127056615544906,0.025896389736184317,SIPA1L2/ITGB1/CDH1/SIPA1L3/PLCB1/ADCY5/PDGFRA/RAPGEF5/DOCK4/GNAQ,10
Organismal Systems,Nervous system,hsa04724,Glutamatergic synapse,7/116,116/9500,0.0603448275862069,4.942033293697979,4.74929582554381,5.256502450323883e-4,0.030127056615544906,0.025896389736184317,CACNA1C/GNB5/PLCB1/SLC38A3/ADCY5/ITPR3/GNAQ,7
Organismal Systems,Endocrine system,hsa04911,Insulin secretion,6/116,86/9500,0.06976744186046512,5.713712910986367,4.882015970541457,6.184242497829427e-4,0.030127056615544906,0.025896389736184317,CACNA1C/PLCB1/ADCY5/KCNMB2/ITPR3/GNAQ,6
Organismal Systems,Immune system,hsa04611,Platelet activation,7/116,126/9500,0.05555555555555555,4.549808429118773,4.459659007844088,8.612871575367315e-4,0.030127056615544906,0.025896389736184317,ITGB1/ARHGAP35/PLCB1/ADCY5/ITPR3/LYN/GNAQ,7
Organismal Systems,Endocrine system,hsa04927,Cortisol synthesis and secretion,5/116,65/9500,0.07692307692307693,6.299734748010611,4.766655865606943,0.0011471436924108116,0.030127056615544906,0.025896389736184317,CACNA1C/PLCB1/ADCY5/ITPR3/GNAQ,5
Organismal Systems,Environmental adaptation,hsa04713,Circadian entrainment,6/116,97/9500,0.061855670103092786,5.06576608602915,4.4747520628228985,0.0011661663256479714,0.030127056615544906,0.025896389736184317,CACNA1C/GNB5/PLCB1/ADCY5/ITPR3/GNAQ,6
Organismal Systems,Nervous system,hsa04728,Dopaminergic synapse,7/116,133/9500,0.05263157894736842,4.310344827586207,4.274376115394318,0.0011833158375433275,0.030127056615544906,0.025896389736184317,CACNA1C/GNB5/PLCB1/ADCY5/SLC6A3/ITPR3/GNAQ,7
Organismal Systems,Endocrine system,hsa04925,Aldosterone synthesis and secretion,6/116,98/9500,0.061224489795918366,5.014074595355384,4.440811021981948,0.0012300409367889096,0.030127056615544906,0.025896389736184317,CACNA1C/PRKCE/PLCB1/ADCY5/ITPR3/GNAQ,6
Organismal Systems,Circulatory system,hsa04270,Vascular smooth muscle contraction,7/116,134/9500,0.05223880597014925,4.2781780751415335,4.248951782515604,0.0012361383367965593,0.030127056615544906,0.025896389736184317,CACNA1C/PRKCE/PLCB1/ADCY5/KCNMB2/ITPR3/GNAQ,7
Organismal Systems,Nervous system,hsa04720,Long-term potentiation,5/116,67/9500,0.07462686567164178,6.111682964487905,4.668209448655692,0.0013155919919451925,0.030127056615544906,0.025896389736184317,CACNA1C/PLCB1/ITPR3/RPS6KA2/GNAQ,5
Organismal Systems,Endocrine system,hsa04924,Renin secretion,5/116,69/9500,0.07246376811594203,5.9345327336331835,4.573678635155945,0.0015016505953186871,0.030401812133316053,0.02613256202679891,CACNA1C/PLCB1/ADCY5/ITPR3/GNAQ,5
Environmental Information Processing,Signal transduction,hsa04371,Apelin signaling pathway,7/116,140/9500,0.05,4.094827586206897,4.101441219042659,0.0015931080593877408,0.030401812133316053,0.02613256202679891,GNB5/CDH1/PRKCE/PLCB1/ADCY5/ITPR3/GNAQ,7
Organismal Systems,Nervous system,hsa04723,Retrograde endocannabinoid signaling,7/116,149/9500,0.04697986577181208,3.8474890071742656,3.894933980611004,0.0022737897101588224,0.040053680278951564,0.034429042574874474,CACNA1C/GNB5/NDUFA10/PLCB1/ADCY5/ITPR3/GNAQ,7
Organismal Systems,Nervous system,hsa04726,Serotonergic synapse,6/116,115/9500,0.05217391304347826,4.272863568215891,3.92584928093814,0.00278161273437636,0.04157302115869271,0.03573502623155844,CACNA1C/GNB5/PLCB1/ADCY5/ITPR3/GNAQ,6
Organismal Systems,Endocrine system,hsa04921,Oxytocin signaling pathway,7/116,155/9500,0.04516129032258064,3.698553948832035,3.76600801459817,0.002839612098472664,0.04157302115869271,0.03573502623155844,EEF2K/CACNA1C/CACNB4/PLCB1/ADCY5/ITPR3/GNAQ,7
Organismal Systems,Nervous system,hsa04725,Cholinergic synapse,6/116,116/9500,0.05172413793103448,4.23602853745541,3.8987130953072855,0.002904665233795124,0.04157302115869271,0.03573502623155844,CACNA1C/GNB5/PLCB1/ADCY5/ITPR3/GNAQ,6
Environmental Information Processing,Signaling molecules and interaction,hsa04514,Cell adhesion molecule (CAM) interaction,7/116,160/9500,0.04375,3.5829741379310347,3.663368020640549,0.0033889071253502207,0.04565057245324709,0.03923997724089729,PTPRF/NFASC/ITGB1/CDH1/ITGA9/NLGN1/NRCAM,7
NA,NA,hsa04517,IgSF CAM signaling,10/116,302/9500,0.033112582781456956,2.711806348481389,3.361130234023482,0.0037836029489141704,0.04813583751674139,0.041376242774675435,PTPRF/NFASC/ITGB1/SORBS1/CDH1/SPTBN4/NLGN1/UNC5C/NRCAM/LYN,10
Environmental Information Processing,Signal transduction,hsa04022,cGMP-PKG signaling pathway,7/116,166/9500,0.04216867469879518,3.453469048608226,3.545476965889977,0.004151280847412339,0.05003385863460135,0.04300772955490901,CACNA1C/PRKCE/PLCB1/ADCY5/KCNMB2/ITPR3/GNAQ,7
Environmental Information Processing,Signal transduction,hsa04340,Hedgehog signaling pathway,4/116,56/9500,0.07142857142857142,5.84975369458128,4.046780473364156,0.004755737470713407,0.05445319403966851,0.046806468790705644,GLI2/BOC/SMURF1/SMO,4
Cellular Processes,Cellular community - eukaryotes,hsa04540,Gap junction,5/116,92/9500,0.05434782608695652,4.450899550224888,3.69786895102398,0.005265464895495923,0.05736942409823237,0.04931317998790832,PLCB1/ADCY5/PDGFRA/ITPR3/GNAQ,5
Organismal Systems,Endocrine system,hsa04912,GnRH signaling pathway,5/116,93/9500,0.053763440860215055,4.403040415276233,3.666544396764552,0.0055114730574721054,0.05736942409823237,0.04931317998790832,CACNA1C/PLCB1/ADCY5/ITPR3/GNAQ,5
Organismal Systems,Nervous system,hsa04730,Long-term depression,4/116,60/9500,0.06666666666666667,5.459770114942529,3.8527962267593727,0.006083193776749635,0.06056745108155072,0.05206211607561473,PLCB1/ITPR3/LYN/GNAQ,4
Organismal Systems,Digestive system,hsa04970,Salivary secretion,5/116,97/9500,0.05154639175257732,4.221471738357625,3.5455279525488423,0.006577093970317029,0.06275643830010831,0.053943709317951075,DMBT1/PLCB1/ADCY5/ITPR3/GNAQ,5
Organismal Systems,Sensory system,hsa04750,Inflammatory mediator regulation of TRP channels,5/116,99/9500,0.050505050505050504,4.136189481017067,3.4874404753966344,0.007160740565438886,0.0655923835794202,0.056381409925771446,PRKCE/PLCB1/ADCY5/ITPR3/GNAQ,5
Organismal Systems,Endocrine system,hsa04929,GnRH secretion,4/116,65/9500,0.06153846153846154,5.039787798408488,3.6334418835432296,0.008062507679660108,0.07101208687085249,0.06104003789864131,CACNA1C/PLCB1/ITPR3/GNAQ,4
Human Diseases,Cardiovascular disease,hsa05414,Dilated cardiomyopathy,5/116,105/9500,0.047619047619047616,3.8998357963875203,3.321953911720555,0.00912763926624782,0.07595385443137458,0.0652878454546865,ITGB1/CACNA1C/CACNB4/ITGA9/ADCY5,5
Organismal Systems,Immune system,hsa04062,Chemokine signaling pathway,7/116,193/9500,0.03626943005181347,2.9703412542433445,3.074603993745566,0.009286934166281607,0.07595385443137458,0.0652878454546865,GNB5/JAK3/PLCB1/ADCY5/DOCK2/LYN/GNAQ,7
Organismal Systems,Endocrine system,hsa04928,"Parathyroid hormone synthesis, secretion and action",5/116,115/9500,0.043478260869565216,3.56071964017991,3.071621883574138,0.013185646131178919,0.10070723502217974,0.08656517099125541,PLCB1/ADCY5/PDE4D/ITPR3/GNAQ,5
Organismal Systems,Endocrine system,hsa04918,Thyroid hormone synthesis,4/116,75/9500,0.05333333333333334,4.367816091954023,3.2554592157075293,0.013193087557490794,0.10070723502217974,0.08656517099125541,PLCB1/ADCY5/ITPR3/GNAQ,4
Organismal Systems,Digestive system,hsa04971,Gastric acid secretion,4/116,76/9500,0.05263157894736842,4.310344827586207,3.2213382651537046,0.013797852279807022,0.10192607006696154,0.08761284809249283,PLCB1/ADCY5/ITPR3/GNAQ,4
Organismal Systems,Endocrine system,hsa04935,"Growth hormone synthesis, secretion and action",5/116,122/9500,0.040983606557377046,3.3564160542679478,2.912397924991299,0.0166592417105329,0.11921769849100108,0.10247625657465964,CACNA1C/PLCB1/ADCY5/ITPR3/GNAQ,5
Human Diseases,Endocrine and metabolic disease,hsa04930,Type II diabetes mellitus,3/116,47/9500,0.06382978723404255,5.227439471753485,3.2300960525432383,0.0194821656267957,0.13519442207685503,0.1162094090019393,HK1/CACNA1C/PRKCE,3
Human Diseases,Cardiovascular disease,hsa05412,Arrhythmogenic right ventricular cardiomyopathy,4/116,86/9500,0.046511627906976744,3.809141940657578,2.9094423179324127,0.020824951581461654,0.14026217388690349,0.12056550915583066,ITGB1/CACNA1C/CACNB4/ITGA9,4
Organismal Systems,Nervous system,hsa04727,GABAergic synapse,4/116,89/9500,0.0449438202247191,3.6807438977140645,2.824921484312615,0.023292133995725123,0.1523971052863158,0.13099636262257439,CACNA1C/GNB5/SLC38A3/ADCY5,4
Cellular Processes,Cellular community - eukaryotes,hsa04520,Adherens junction,4/116,93/9500,0.043010752688172046,3.5224323322209865,2.717749131748665,0.026847843869765953,0.17078211794934453,0.14679961414170273,PTPRF/SORBS1/CDH1/SMURF1,4
Metabolism,Glycan biosynthesis and metabolism,hsa00510,N-Glycan biosynthesis,3/116,56/9500,0.05357142857142857,4.38731527093596,2.8264778293519837,0.030789764064416816,0.19056367488517437,0.16380329672961438,MGAT5/STT3B/ST6GAL1,3
Environmental Information Processing,Signal transduction,hsa04070,Phosphatidylinositol signaling system,4/116,98/9500,0.04081632653061224,3.3427163969035885,2.5917706683341346,0.031727036204844385,0.19119713923445694,0.1643478052716316,INPP4A/PLCB1/ITPR3/MTMR7,4
Human Diseases,Cardiovascular disease,hsa05410,Hypertrophic cardiomyopathy,4/116,99/9500,0.04040404040404041,3.3089515848136544,2.5675525223683127,0.03276140654755618,0.1923682589587273,0.16535446759495293,ITGB1/CACNA1C/CACNB4/ITGA9,4
Organismal Systems,Circulatory system,hsa04261,Adrenergic signaling in cardiomyocytes,5/116,154/9500,0.032467532467532464,2.6589789520824003,2.3076093343167297,0.04011490652771042,0.2238912437897828,0.19245075885400775,CACNA1C/CACNB4/PLCB1/ADCY5/GNAQ,5
Organismal Systems,Digestive system,hsa04972,Pancreatic secretion,4/116,106/9500,0.03773584905660377,3.0904359141184123,2.406237283285055,0.040552867612206965,0.2238912437897828,0.19245075885400775,PLCB1/ADCY5/ITPR3/GNAQ,4
Human Diseases,Endocrine and metabolic disease,hsa04934,Cushing syndrome,5/116,155/9500,0.03225806451612903,2.6418242491657398,2.2912728069030908,0.04106302287847545,0.2238912437897828,0.19245075885400775,CACNA1C/PLCB1/ADCY5/ITPR3/GNAQ,5
Human Diseases,Substance dependence,hsa05031,Amphetamine addiction,3/116,69/9500,0.043478260869565216,3.56071964017991,2.373458509878374,0.05199490590634887,0.27690310354776493,0.23801829631547713,CACNA1C/ADCY5/SLC6A3,3
Human Diseases,Infectious disease: viral,hsa05163,Human cytomegalovirus infection,6/116,227/9500,0.02643171806167401,2.1646665653957164,1.974596422162337,0.05922344472013007,0.30823111002067693,0.264946989537424,GNB5/PLCB1/ADCY5/PDGFRA/ITPR3/GNAQ,6
Cellular Processes,Cell motility,hsa04810,Regulation of actin cytoskeleton,6/116,232/9500,0.02586206896551724,2.118014268727705,1.9167799816724018,0.0644303402283861,0.3260922744331421,0.28029995549987397,ITGB1/SSH2/ARHGAP35/ITGA9/PDGFRA/ARHGEF6,6
Cellular Processes,Cell motility,hsa04820,Cytoskeleton in muscle cells,6/116,233/9500,0.02575107296137339,2.108924078733166,1.9053910967396133,0.06550325163285824,0.3260922744331421,0.28029995549987397,OBSCN/ITGB1/SPTBN4/ITGA9/SYNPO2/SYNE1,6
Metabolism,Carbohydrate metabolism,hsa00562,Inositol phosphate metabolism,3/116,78/9500,0.038461538461538464,3.1498673740053054,2.119636352803343,0.06986911863741896,0.3333339201660196,0.28652467511397695,INPP4A/PLCB1/MTMR7,3
Human Diseases,Infectious disease: bacterial,hsa05100,Bacterial invasion of epithelial cells,3/116,78/9500,0.038461538461538464,3.1498673740053054,2.119636352803343,0.06986911863741896,0.3333339201660196,0.28652467511397695,ITGB1/CDH1/ARHGAP10,3
Organismal Systems,Development and regeneration,hsa04360,Axon guidance,5/116,184/9500,0.02717391304347826,2.225449775112444,1.866223384158823,0.07450711355575555,0.33665905257433687,0.2893828675311469,ITGB1/SSH2/BOC/UNC5C/SMO,5
Human Diseases,Infectious disease: parasitic,hsa05143,African trypanosomiasis,2/116,37/9500,0.05405405405405406,4.426840633737186,2.3219576199265557,0.07466092076429831,0.33665905257433687,0.2893828675311469,PLCB1/GNAQ,2
Environmental Information Processing,Signal transduction,hsa04151,PI3K-Akt signaling pathway,8/116,362/9500,0.022099447513812154,1.8098685463897886,1.74669541201407,0.07497647022397895,0.33665905257433687,0.2893828675311469,LAMC1/ITGB1/GNB5/PHLPP1/JAK3/IL2RB/ITGA9/PDGFRA,8
Cellular Processes,Transport and catabolism,hsa04146,Peroxisome,3/116,83/9500,0.03614457831325301,2.9601163273784796,1.9940614891679092,0.08084601417364273,0.35603340857238824,0.3060365313860565,FAR1/PEX5L/PEX7,3
Organismal Systems,Sensory system,hsa04742,Taste transduction,3/116,86/9500,0.03488372093023256,2.8568564554931837,1.923155491627891,0.08776979043548722,0.3621265272759971,0.3112740087364351,CACNA1C/PLCB1/ITPR3,3
Human Diseases,Infectious disease: bacterial,hsa05135,Yersinia infection,4/116,138/9500,0.028985507246376812,2.3738130934532733,1.807410558095312,0.08833366842753368,0.3621265272759971,0.3112740087364351,ITGB1/ARHGEF28/RPS6KA2/GNAQ,4
Human Diseases,Infectious disease: bacterial,hsa05131,Shigellosis,6/116,253/9500,0.023715415019762844,1.9422107128254054,1.6888139530682338,0.08916154378315827,0.3621265272759971,0.3112740087364351,ITGB1/HK1/PRKCE/PLCB1/ITPR3/SEPTIN7,6
Organismal Systems,Circulatory system,hsa04260,Cardiac muscle contraction,3/116,87/9500,0.034482758620689655,2.8240190249702737,1.9001981882533514,0.09013197876510762,0.3621265272759971,0.3112740087364351,CACNA1C/CACNB4/COX7B2,3
Organismal Systems,Endocrine system,hsa04915,Estrogen signaling pathway,4/116,139/9500,0.02877697841726619,2.3567353014140413,1.7914939325183517,0.09013629718223509,0.3621265272759971,0.3112740087364351,PLCB1/ADCY5/ITPR3/GNAQ,4
Environmental Information Processing,Signaling molecules and interaction,hsa04512,ECM-receptor interaction,3/116,89/9500,0.033707865168539325,2.760557923285548,1.8552454436647667,0.09493567425964893,0.3736791644427033,0.3212043380868101,LAMC1/ITGB1/ITGA9,3
NA,NA,hsa04082,Neuroactive ligand signaling,5/116,199/9500,0.02512562814070352,2.057702304626581,1.6764828132837322,0.09627541791318557,0.3736791644427033,0.3212043380868101,GNB5/PLCB1/ADCY5/SLC6A3/GNAQ,5
Human Diseases,Substance dependence,hsa05032,Morphine addiction,3/116,91/9500,0.03296703296703297,2.6998863205759758,1.8115185259619417,0.09984277743238013,0.38106660053358415,0.32755437508517693,GNB5/ADCY5/PDE4D,3
Cellular Processes,Cellular community - eukaryotes,hsa04510,Focal adhesion,5/116,203/9500,0.024630541871921183,2.017156446407338,1.628689506382348,0.10257573118603625,0.3850793842885623,0.33100365369782186,LAMC1/ITGB1/ARHGAP35/ITGA9/PDGFRA,5
Environmental Information Processing,Membrane transport,hsa02010,ABC transporters,2/116,45/9500,0.044444444444444446,3.6398467432950192,1.973459162275304,0.10432386953232277,0.38532526004680506,0.33121500174099083,ABCA12/ABCB1,2
Human Diseases,Neurodegenerative disease,hsa05012,Parkinson disease,6/116,271/9500,0.02214022140221402,1.8132077872502863,1.5100203150665452,0.11396654285870819,0.41425933832768536,0.35608594009320693,SLC39A11/NDUFA10/ADCY5/COX7B2/SLC6A3/ITPR3,6
Human Diseases,Substance dependence,hsa05030,Cocaine addiction,2/116,49/9500,0.04081632653061224,3.3427163969035885,1.8279016065911977,0.12017249181119771,0.42434567890885466,0.3647558812041179,ADCY5/SLC6A3,2
Organismal Systems,Immune system,hsa04666,Fc gamma R-mediated phagocytosis,3/116,99/9500,0.030303030303030304,2.4817136886102404,1.6476645693399914,0.12044746344574478,0.42434567890885466,0.3647558812041179,PRKCE/BIN1/LYN,3
Organismal Systems,Endocrine system,hsa04916,Melanogenesis,3/116,101/9500,0.0297029702970297,2.4325708432912254,1.6091995736216858,0.1258279622422198,0.43658489929497474,0.3752763786171468,PLCB1/ADCY5/GNAQ,3
Human Diseases,Infectious disease: parasitic,hsa05146,Amoebiasis,3/116,103/9500,0.02912621359223301,2.3853364579845997,1.5716404631578296,0.13129421210570674,0.44595608390252967,0.3833315913112988,LAMC1/PLCB1/GNAQ,3
Organismal Systems,Digestive system,hsa04973,Carbohydrate digestion and absorption,2/116,52/9500,0.038461538461538464,3.1498673740053054,1.72829286643425,0.1324236406348123,0.44595608390252967,0.3833315913112988,HK1/PLCB1,2
Organismal Systems,Excretory system,hsa04961,Endocrine and other factor-regulated calcium reabsorption,2/116,53/9500,0.03773584905660377,3.0904359141184123,1.6966871632127385,0.13656930781502769,0.44767274244653515,0.3848071838083295,PLCB1/GNAQ,2
Organismal Systems,Digestive system,hsa04974,Protein digestion and absorption,3/116,105/9500,0.02857142857142857,2.3399014778325125,1.5349458618142544,0.13684319638103695,0.44767274244653515,0.3848071838083295,DPP4/COL23A1/COL19A1,3
Organismal Systems,Endocrine system,hsa04922,Glucagon signaling pathway,3/116,107/9500,0.028037383177570093,2.2961650016113437,1.4990770563202533,0.14247189098792107,0.45952201459484404,0.3949924924350073,PLCB1/ITPR3/GNAQ,3
Human Diseases,Endocrine and metabolic disease,hsa04931,Insulin resistance,3/116,109/9500,0.027522935779816515,2.25403353369187,1.4639977779996174,0.14817726890617214,0.47128603582657524,0.4051045217171666,PTPRF/PRKCE/RPS6KA2,3
Organismal Systems,Endocrine system,hsa04914,Progesterone-mediated oocyte maturation,3/116,111/9500,0.02702702702702703,2.213420316868593,1.4296740060647573,0.1539563043973363,0.4770092725222133,0.41002405866078556,CCNA1/ADCY5/RPS6KA2,3
Cellular Processes,Cellular community - eukaryotes,hsa04530,Tight junction,4/116,170/9500,0.023529411764705882,1.9269776876267748,1.3558974953857887,0.15414273435215625,0.4770092725222133,0.41002405866078556,ITGB1/CGNL1/ARHGEF18/PRKCE,4
Environmental Information Processing,Signal transduction,hsa04014,Ras signaling pathway,5/116,238/9500,0.02100840336134454,1.7205157925239063,1.251565356681093,0.1658115301238308,0.5062778719780967,0.43518254221973846,KSR2/GNB5/KSR1/PDGFRA/RAPGEF5,5
Metabolism,Glycan biosynthesis and metabolism,hsa00604,Glycosphingolipid biosynthesis - ganglio series,1/116,15/9500,0.06666666666666667,5.459770114942529,1.9218229431730853,0.16841526188934186,0.5074617759560432,0.4362001935361071,ST6GALNAC3,1
Organismal Systems,Aging,hsa04213,Longevity regulating pathway - multiple species,2/116,62/9500,0.03225806451612903,2.6418242491657398,1.441970789755264,0.17502264059112382,0.5205218791606151,0.44742629925550453,FOXA2/ADCY5,2
Human Diseases,Cancer: specific types,hsa05217,Basal cell carcinoma,2/116,63/9500,0.031746031746031744,2.5998905309250135,1.4165030178019615,0.17940018940946426,0.5267005560867604,0.45273732010215684,GLI2/SMO,2
Environmental Information Processing,Signal transduction,hsa04071,Sphingolipid signaling pathway,3/116,125/9500,0.024,1.9655172413793103,1.208101269361982,0.1962197974696915,0.5679470902640241,0.4881917070989314,PRKCE/PLCB1/GNAQ,3
Environmental Information Processing,Signal transduction,hsa04020,Calcium signaling pathway,5/116,254/9500,0.01968503937007874,1.612136844963345,1.0994168110962026,0.19893217452431122,0.5679470902640241,0.4881917070989314,CACNA1C/PLCB1/PDGFRA/ITPR3/GNAQ,5
Human Diseases,Neurodegenerative disease,hsa05010,Alzheimer disease,7/116,391/9500,0.017902813299232736,1.4661786753681982,1.04659672172773,0.2008895821457902,0.5679470902640241,0.4881917070989314,CACNA1C/SLC39A11/NDUFA10/PLCB1/COX7B2/ITPR3/GNAQ,7
Metabolism,Glycan biosynthesis and metabolism,hsa00531,Glycosaminoglycan degradation,1/116,19/9500,0.05263157894736842,4.310344827586207,1.6058201427496492,0.20836183610113446,0.5818885422824365,0.5001753960322484,IDS,1
Organismal Systems,Endocrine system,hsa04926,Relaxin signaling pathway,3/116,130/9500,0.023076923076923078,1.8899204244031833,1.135865722635167,0.21195897058361704,0.5848024610078109,0.5026801204709751,GNB5/PLCB1/ADCY5,3
Human Diseases,Cancer: overview,hsa05230,Central carbon metabolism in cancer,2/116,71/9500,0.028169014084507043,2.306945118989801,1.2289314160136178,0.21494239049912164,0.5859738979083198,0.5036870554302726,HK1/PDGFRA,2
Human Diseases,Cancer: specific types,hsa05218,Melanoma,2/116,73/9500,0.0273972602739726,2.2437411431270666,1.1859834168634047,0.2239373358410648,0.5952076906863842,0.5116241698844122,CDH1/PDGFRA,2
Metabolism,Glycan biosynthesis and metabolism,hsa00532,Glycosaminoglycan biosynthesis - chondroitin sulfate / dermatan sulfate,1/116,21/9500,0.047619047619047616,3.8998357963875203,1.4790257365871191,0.22761572094217086,0.5952076906863842,0.5116241698844122,CSGALNACT1,1
Metabolism,Metabolism of cofactors and vitamins,hsa00770,Pantothenate and CoA biosynthesis,1/116,21/9500,0.047619047619047616,3.8998357963875203,1.4790257365871191,0.22761572094217086,0.5952076906863842,0.5116241698844122,PPCDC,1
Human Diseases,Cancer: overview,hsa05202,Transcriptional misregulation in cancer,4/116,201/9500,0.01990049751243781,1.6297821238634413,1.0033308661203029,0.23070533610856098,0.5952076906863842,0.5116241698844122,CCNA1/ARNT2/IL2RB/PAX5,4
Human Diseases,Neurodegenerative disease,hsa05022,Pathways of neurodegeneration - multiple diseases,8/116,483/9500,0.016563146997929608,1.356464624830442,0.893990506287263,0.2371122724941941,0.5952076906863842,0.5116241698844122,CACNA1C/NDUFA10/PLCB1/COX7B2/SLC6A3/ITPR3/DNAH11/GNAQ,8
Metabolism,Energy metabolism,hsa00190,Oxidative phosphorylation,3/116,138/9500,0.021739130434782608,1.780359820089955,1.026653905589607,0.23768066313120123,0.5952076906863842,0.5116241698844122,LHPP/NDUFA10/COX7B2,3
Organismal Systems,Endocrine system,hsa04910,Insulin signaling pathway,3/116,138/9500,0.021739130434782608,1.780359820089955,1.026653905589607,0.23768066313120123,0.5952076906863842,0.5116241698844122,PTPRF/HK1/SORBS1,3
Cellular Processes,Cell growth and death,hsa04114,Oocyte meiosis,3/116,139/9500,0.02158273381294964,1.7675514760605309,1.0135092754089925,0.24093531826242848,0.5952076906863842,0.5116241698844122,ADCY5/ITPR3/RPS6KA2,3
Organismal Systems,Endocrine system,hsa04614,Renin-angiotensin system,1/116,23/9500,0.043478260869565216,3.56071964017991,1.366987203234119,0.24640526046046973,0.5952076906863842,0.5116241698844122,PREP,1
Organismal Systems,Excretory system,hsa04964,Proximal tubule bicarbonate reclamation,1/116,23/9500,0.043478260869565216,3.56071964017991,1.366987203234119,0.24640526046046973,0.5952076906863842,0.5116241698844122,SLC38A3,1
Genetic Information Processing,"Folding, sorting and degradation",hsa04120,Ubiquitin mediated proteolysis,3/116,142/9500,0.02112676056338028,1.7302088392423507,0.9747060830816556,0.25074388667177844,0.5952076906863842,0.5116241698844122,WWP2/SMURF1/MID1,3
Human Diseases,Neurodegenerative disease,hsa05020,Prion disease,5/116,278/9500,0.017985611510791366,1.4729595633837755,0.8898315280271225,0.252368400822025,0.5952076906863842,0.5116241698844122,LAMC1/CACNA1C/NDUFA10/COX7B2/ITPR3,5
Human Diseases,Drug resistance: antineoplastic,hsa01521,EGFR tyrosine kinase inhibitor resistance,2/116,80/9500,0.025,2.0474137931034484,1.0459520361576589,0.2556077080304807,0.5952076906863842,0.5116241698844122,PDGFRA/NRG1,2
Metabolism,Glycan biosynthesis and metabolism,hsa00534,Glycosaminoglycan biosynthesis - heparan sulfate / heparin,1/116,24/9500,0.041666666666666664,3.41235632183908,1.3155534269748825,0.2556293809402197,0.5952076906863842,0.5116241698844122,EXTL3,1
Human Diseases,Neurodegenerative disease,hsa05017,Spinocerebellar ataxia,3/116,144/9500,0.020833333333333332,1.70617816091954,0.9493456416515239,0.25731686191245434,0.5952076906863842,0.5116241698844122,PLCB1/ITPR3/GNAQ,3
Human Diseases,Cancer: overview,hsa05207,Chemical carcinogenesis - receptor activation,4/116,217/9500,0.018433179723502304,1.509613856666137,0.844307911444498,0.27343306385022703,0.6088500499018551,0.5233507668657638,CACNA1C/ADCY5/MGST2/RPS6KA2,4
Human Diseases,Endocrine and metabolic disease,hsa04950,Maturity onset diabetes of the young,1/116,26/9500,0.038461538461538464,3.1498673740053054,1.220409533762806,0.2737431391334939,0.6088500499018551,0.5233507668657638,FOXA2,1
Organismal Systems,Digestive system,hsa04977,Vitamin digestion and absorption,1/116,26/9500,0.038461538461538464,3.1498673740053054,1.220409533762806,0.2737431391334939,0.6088500499018551,0.5233507668657638,SLC52A3,1
Environmental Information Processing,Signal transduction,hsa04072,Phospholipase D signaling pathway,3/116,149/9500,0.020134228187919462,1.648923860217542,0.8876296230196079,0.2738495857637165,0.6088500499018551,0.5233507668657638,PLCB1/ADCY5/PDGFRA,3
NA,NA,hsa04081,Hormone signaling,4/116,219/9500,0.0182648401826484,1.4958274287513778,0.8253329005170772,0.2788757365752932,0.614062919959059,0.5278316066759092,GNB5/PLCB1/ADCY5/GNAQ,4
Human Diseases,Infectious disease: viral,hsa05166,Human T-cell leukemia virus 1 infection,4/116,224/9500,0.017857142857142856,1.46243842364532,0.7787023586961004,0.29255829850197057,0.63805571768525,0.5484551560889074,CCNA1/JAK3/IL2RB/ADCY5,4
Organismal Systems,Digestive system,hsa04976,Bile secretion,2/116,90/9500,0.022222222222222223,1.8199233716475096,0.8689077041735173,0.30095437569516104,0.6477174618234943,0.5567601257687587,ADCY5/ABCB1,2
Environmental Information Processing,Signal transduction,hsa04010,MAPK signaling pathway,5/116,300/9500,0.016666666666666666,1.3649425287356323,0.7141100244293078,0.304166703998515,0.6477174618234943,0.5567601257687587,CACNA1C/MAP3K9/CACNB4/PDGFRA/RPS6KA2,5
Organismal Systems,Immune system,hsa04662,B cell receptor signaling pathway,2/116,91/9500,0.02197802197802198,1.7999242137173175,0.8524555524533346,0.30547373745387507,0.6477174618234943,0.5567601257687587,CARD11/LYN,2
Organismal Systems,Immune system,hsa04658,Th1 and Th2 cell differentiation,2/116,93/9500,0.021505376344086023,1.7612161661104933,0.8201586017168909,0.3144964660562577,0.654724461153482,0.5627831497848823,JAK3/IL2RB,2
Human Diseases,Cancer: specific types,hsa05222,Small cell lung cancer,2/116,93/9500,0.021505376344086023,1.7612161661104933,0.8201586017168909,0.3144964660562577,0.654724461153482,0.5627831497848823,LAMC1/ITGB1,2
Organismal Systems,Environmental adaptation,hsa04714,Thermogenesis,4/116,235/9500,0.01702127659574468,1.3939838591342626,0.6799290362975196,0.3229542399362711,0.6655384580294537,0.5720785642450371,NDUFA10/ADCY5/COX7B2/RPS6KA2,4
Metabolism,Carbohydrate metabolism,hsa00052,Galactose metabolism,1/116,32/9500,0.03125,2.5592672413793105,0.9822914373882781,0.32550352532444893,0.6655384580294537,0.5720785642450371,HK1,1
Human Diseases,Neurodegenerative disease,hsa05016,Huntington disease,5/116,311/9500,0.01607717041800643,1.316664818716044,0.6312767926221351,0.3306974304915796,0.6684017731223586,0.5745397911922826,NDUFA10/PLCB1/COX7B2/DNAH11/GNAQ,5
Environmental Information Processing,Signal transduction,hsa04630,JAK-STAT signaling pathway,3/116,168/9500,0.017857142857142856,1.46243842364532,0.6723495627826069,0.3373954240521483,0.6684017731223586,0.5745397911922826,JAK3/IL2RB/PDGFRA,3
Human Diseases,Cancer: overview,hsa05231,Choline metabolism in cancer,2/116,99/9500,0.020202020202020204,1.6544757924068272,0.7277766163116699,0.34139919878768066,0.6684017731223586,0.5745397911922826,SLC44A5/PDGFRA,2
Organismal Systems,Environmental adaptation,hsa04710,Circadian rhythm,1/116,34/9500,0.029411764705882353,2.4087221095334685,0.9148617665377569,0.34193072700997196,0.6684017731223586,0.5745397911922826,CRY1,1
Metabolism,Carbohydrate metabolism,hsa00051,Fructose and mannose metabolism,1/116,35/9500,0.02857142857142857,2.3399014778325125,0.8829182992486897,0.349994960653205,0.6684017731223586,0.5745397911922826,HK1,1
Human Diseases,Endocrine and metabolic disease,hsa04933,AGE-RAGE signaling pathway in diabetic complications,2/116,101/9500,0.019801980198019802,1.621713895527484,0.6983680704397258,0.35029870257440077,0.6684017731223586,0.5745397911922826,PRKCE/PLCB1,2
Genetic Information Processing,"Folding, sorting and degradation",hsa04141,Protein processing in endoplasmic reticulum,3/116,172/9500,0.01744186046511628,1.4284282277465918,0.6304083704442958,0.350801396027306,0.6684017731223586,0.5745397911922826,DNAJC1/STT3B/SEC24A,3
Metabolism,Glycan biosynthesis and metabolism,hsa00512,Mucin type O-glycan biosynthesis,1/116,36/9500,0.027777777777777776,2.2749042145593865,0.8520505875839576,0.35796121364467137,0.6684017731223586,0.5745397911922826,ST6GALNAC3,1
Human Diseases,Infectious disease: parasitic,hsa05142,Chagas disease,2/116,103/9500,0.019417475728155338,1.5902243053230665,0.6695993563429806,0.35915820912527474,0.6684017731223586,0.5745397911922826,PLCB1/GNAQ,2
Metabolism,Global and overview maps,hsa01250,Biosynthesis of nucleotide sugars,1/116,37/9500,0.02702702702702703,2.213420316868593,0.822188964140434,0.36583066622468174,0.6684017731223586,0.5745397911922826,HK1,1
Human Diseases,Cancer: specific types,hsa05216,Thyroid cancer,1/116,37/9500,0.02702702702702703,2.213420316868593,0.822188964140434,0.36583066622468174,0.6684017731223586,0.5745397911922826,CDH1,1
Environmental Information Processing,Signal transduction,hsa04064,NF-kappa B signaling pathway,2/116,105/9500,0.01904761904761905,1.5599343185550083,0.6414418368611039,0.36797442754689225,0.6684017731223586,0.5745397911922826,CARD11/LYN,2
Organismal Systems,Immune system,hsa04625,C-type lectin receptor signaling pathway,2/116,105/9500,0.01904761904761905,1.5599343185550083,0.6414418368611039,0.36797442754689225,0.6684017731223586,0.5745397911922826,KSR1/ITPR3,2
Cellular Processes,Transport and catabolism,hsa04144,Endocytosis,4/116,252/9500,0.015873015873015872,1.2999452654625068,0.5365278990540605,0.37031374757370694,0.6684017731223586,0.5745397911922826,BIN1/IL2RB/PDGFRA/SMURF1,4
Metabolism,Carbohydrate metabolism,hsa00520,Amino sugar and nucleotide sugar metabolism,1/116,38/9500,0.02631578947368421,2.1551724137931036,0.7932700805550246,0.3736044845400083,0.6684017731223586,0.5745397911922826,HK1,1
Human Diseases,Immune disease,hsa05340,Primary immunodeficiency,1/116,38/9500,0.02631578947368421,2.1551724137931036,0.7932700805550246,0.3736044845400083,0.6684017731223586,0.5745397911922826,JAK3,1
Genetic Information Processing,Translation,hsa03013,Nucleocytoplasmic transport,2/116,108/9500,0.018518518518518517,1.516602809706258,0.6002933586728385,0.38111083348140373,0.6716461151204008,0.5773285383935415,THOC1/TNPO1,2
Metabolism,Metabolism of cofactors and vitamins,hsa00670,One carbon pool by folate,1/116,39/9500,0.02564102564102564,2.0999115826702033,0.7652361826818513,0.3812838208107079,0.6716461151204008,0.5773285383935415,MTHFD1L,1
Organismal Systems,Immune system,hsa04659,Th17 cell differentiation,2/116,109/9500,0.01834862385321101,1.5026890224612466,0.5868548106058001,0.3854647318846788,0.6738276610808507,0.5792037353349533,JAK3/IL2RB,2
Metabolism,Carbohydrate metabolism,hsa00500,Starch and sucrose metabolism,1/116,40/9500,0.025,2.0474137931034484,0.7380344852737761,0.38886981349498617,0.6746302067450897,0.5798935815276111,HK1,1
Human Diseases,Cancer: specific types,hsa05219,Bladder cancer,1/116,41/9500,0.024390243902439025,1.9974768713204374,0.7116166303820597,0.3963635874521302,0.6809279811409793,0.585306975285512,CDH1,1
Human Diseases,Infectious disease: parasitic,hsa05145,Toxoplasmosis,2/116,112/9500,0.017857142857142856,1.46243842364532,0.5473313468858915,0.39844694092965605,0.6809279811409793,0.585306975285512,LAMC1/ITGB1,2
Metabolism,Amino acid metabolism,hsa00380,Tryptophan metabolism,1/116,42/9500,0.023809523809523808,1.9499178981937602,0.6859382165126959,0.40376625410352607,0.6818033344633274,0.5860594049397483,ASMT,1
Human Diseases,Substance dependence,hsa05034,Alcoholism,3/116,191/9500,0.015706806282722512,1.286333273153999,0.4444377345727422,0.41388198166062995,0.6818033344633274,0.5860594049397483,GNB5/ADCY5/SLC6A3,3
Organismal Systems,Immune system,hsa04670,Leukocyte transendothelial migration,2/116,116/9500,0.017241379310344827,1.4120095124851368,0.4963821743611884,0.4155593643802853,0.6818033344633274,0.5860594049397483,ITGB1/ARHGAP35,2
Metabolism,Glycan biosynthesis and metabolism,hsa00513,Various types of N-glycan biosynthesis,1/116,44/9500,0.022727272727272728,1.8612852664576802,0.6366394746259253,0.4183026449380247,0.6818033344633274,0.5860594049397483,STT3B,1
Genetic Information Processing,Transcription,hsa03022,Basal transcription factors,1/116,44/9500,0.022727272727272728,1.8612852664576802,0.6366394746259253,0.4183026449380247,0.6818033344633274,0.5860594049397483,TAF1,1
Human Diseases,Endocrine and metabolic disease,hsa04940,Type I diabetes mellitus,1/116,44/9500,0.022727272727272728,1.8612852664576802,0.6366394746259253,0.4183026449380247,0.6818033344633274,0.5860594049397483,CPE,1
Genetic Information Processing,Chromosome,hsa03082,ATP-dependent chromatin remodeling,2/116,117/9500,0.017094017094017096,1.399941055113469,0.48394053428375067,0.41980030637261645,0.6818033344633274,0.5860594049397483,CHD3/PBRM1,2
Human Diseases,Infectious disease: viral,hsa05167,Kaposi sarcoma-associated herpesvirus infection,3/116,196/9500,0.015306122448979591,1.253518648838846,0.39872827629829904,0.43020396193267496,0.6937796287505815,0.5963538983054872,GNB5/ITPR3/LYN,3
Metabolism,Glycan biosynthesis and metabolism,hsa00514,Other types of O-glycan biosynthesis,1/116,47/9500,0.02127659574468085,1.7424798239178283,0.5673129477913498,0.43945095676395973,0.6961107997343728,0.5983577088040806,ST6GAL1,1
Environmental Information Processing,Signal transduction,hsa04152,AMPK signaling pathway,2/116,122/9500,0.01639344262295082,1.3425664217071793,0.4233928613517398,0.44076884699338015,0.6961107997343728,0.5983577088040806,EEF2K/CCNA1,2
Organismal Systems,Endocrine system,hsa04919,Thyroid hormone signaling pathway,2/116,122/9500,0.01639344262295082,1.3425664217071793,0.4233928613517398,0.44076884699338015,0.6961107997343728,0.5983577088040806,MED13/PLCB1,2
NA,NA,hsa03272,Virion - Hepatitis viruses,1/116,48/9500,0.020833333333333332,1.70617816091954,0.5453144219770643,0.4463295867243303,0.6981766362742164,0.600133445108152,DPP4,1
Human Diseases,Cancer: overview,hsa05205,Proteoglycans in cancer,3/116,204/9500,0.014705882352941176,1.2043610547667343,0.3280492888484803,0.4559795562915824,0.6981766362742164,0.600133445108152,ITGB1/ITPR3/SMO,3
Human Diseases,Infectious disease: viral,hsa05169,Epstein-Barr virus infection,3/116,205/9500,0.014634146341463415,1.1984861227922625,0.31941574548548785,0.4591688743690181,0.6981766362742164,0.600133445108152,CCNA1/JAK3/LYN,3
Human Diseases,Cancer: overview,hsa05203,Viral carcinogenesis,3/116,205/9500,0.014634146341463415,1.1984861227922625,0.31941574548548785,0.4591688743690181,0.6981766362742164,0.600133445108152,CCNA1/JAK3/LYN,3
Human Diseases,Cardiovascular disease,hsa05415,Diabetic cardiomyopathy,3/116,205/9500,0.014634146341463415,1.1984861227922625,0.31941574548548785,0.4591688743690181,0.6981766362742164,0.600133445108152,NDUFA10/PLCB1/COX7B2,3
Metabolism,Nucleotide metabolism,hsa00230,Purine metabolism,2/116,128/9500,0.015625,1.2796336206896552,0.35412139772736445,0.4653810892434228,0.6981766362742164,0.600133445108152,ADCY5/PDE4D,2
Metabolism,Lipid metabolism,hsa00565,Ether lipid metabolism,1/116,51/9500,0.0196078431372549,1.605814739688979,0.4822874246611138,0.46646735960679087,0.6981766362742164,0.600133445108152,PLD4,1
Organismal Systems,Digestive system,hsa04979,Cholesterol metabolism,1/116,51/9500,0.0196078431372549,1.605814739688979,0.4822874246611138,0.46646735960679087,0.6981766362742164,0.600133445108152,LPA,1
Organismal Systems,Endocrine system,hsa04913,Ovarian steroidogenesis,1/116,52/9500,0.019230769230769232,1.5749336870026527,0.4621930645276049,0.47301723644937854,0.7033827736812188,0.6046084977172508,ADCY5,1
Human Diseases,Neurodegenerative disease,hsa05014,Amyotrophic lateral sclerosis,5/116,371/9500,0.013477088948787063,1.1037271121851473,0.22659043713531496,0.4761764082774347,0.7035122419066616,0.6047197850450274,NDUFA10/COX7B2/ITPR3/DNAH11/NRG1,5
Cellular Processes,Transport and catabolism,hsa04142,Lysosome,2/116,133/9500,0.015037593984962405,1.2315270935960592,0.2989519009278764,0.4854038926672666,0.7110797497232919,0.611224606749049,AP3M1/IDS,2
Human Diseases,Infectious disease: viral,hsa05170,Human immunodeficiency virus 1 infection,3/116,214/9500,0.014018691588785047,1.1480825008056719,0.24359604117806324,0.48750882404609974,0.7110797497232919,0.611224606749049,GNB5/ITPR3/GNAQ,3
Human Diseases,Infectious disease: viral,hsa05162,Measles,2/116,139/9500,0.014388489208633094,1.1783676507070207,0.2355246182996334,0.5088164836388458,0.734915290552502,0.6317129824560694,JAK3/IL2RB,2
Metabolism,Metabolism of other amino acids,hsa00480,Glutathione metabolism,1/116,59/9500,0.01694915254237288,1.3880771478667446,0.3324367407076533,0.5166871693404054,0.734915290552502,0.6317129824560694,MGST2,1
Organismal Systems,Endocrine system,hsa04923,Regulation of lipolysis in adipocytes,1/116,59/9500,0.01694915254237288,1.3880771478667446,0.3324367407076533,0.5166871693404054,0.734915290552502,0.6317129824560694,ADCY5,1
Human Diseases,Cancer: specific types,hsa05213,Endometrial cancer,1/116,59/9500,0.01694915254237288,1.3880771478667446,0.3324367407076533,0.5166871693404054,0.734915290552502,0.6317129824560694,CDH1,1
Environmental Information Processing,Signal transduction,hsa04024,cAMP signaling pathway,3/116,226/9500,0.01327433628318584,1.08712236801953,0.14737515806182236,0.5241652656113952,0.74060649485638,0.6366049852362355,CACNA1C/ADCY5/PDE4D,3
Human Diseases,Cancer: overview,hsa05208,Chemical carcinogenesis - reactive oxygen species,3/116,227/9500,0.013215859030837005,1.0823332826978582,0.1395893127444876,0.5271565880418774,0.74060649485638,0.6366049852362355,NDUFA10/COX7B2/MGST2,3
Environmental Information Processing,Signal transduction,hsa04330,Notch signaling pathway,1/116,62/9500,0.016129032258064516,1.3209121245828699,0.2818486265883426,0.5342861688302176,0.7460459308665843,0.6412805749117504,CTBP2,1
Metabolism,Amino acid metabolism,hsa00310,Lysine degradation,1/116,63/9500,0.015873015873015872,1.2999452654625068,0.26556402796971423,0.54001013624023,0.7465363949067553,0.641702164318838,SETD7,1
Human Diseases,Cancer: specific types,hsa05226,Gastric cancer,2/116,150/9500,0.013333333333333334,1.0919540229885059,0.1262073062624858,0.5499172803035306,0.7465363949067553,0.641702164318838,CDH1/ABCB1,2
Metabolism,Carbohydrate metabolism,hsa00010,Glycolysis / Gluconeogenesis,1/116,67/9500,0.014925373134328358,1.2223365928975811,0.2030473702999656,0.5622168556084932,0.7465363949067553,0.641702164318838,HK1,1
Metabolism,Global and overview maps,hsa01240,Biosynthesis of cofactors,2/116,154/9500,0.012987012987012988,1.0635915808329601,0.08845472411201931,0.5642609545853372,0.7465363949067553,0.641702164318838,PPCDC/MTHFD1L,2
Metabolism,Metabolism of cofactors and vitamins,hsa00830,Retinol metabolism,1/116,68/9500,0.014705882352941176,1.2043610547667343,0.18802891272153455,0.5676003862720587,0.7465363949067553,0.641702164318838,ALDH1A3,1
Human Diseases,Cancer: specific types,hsa05221,Acute myeloid leukemia,1/116,68/9500,0.014705882352941176,1.2043610547667343,0.18802891272153455,0.5676003862720587,0.7465363949067553,0.641702164318838,CCNA1,1
Organismal Systems,Immune system,hsa04664,Fc epsilon RI signaling pathway,1/116,69/9500,0.014492753623188406,1.1869065467266366,0.17323838460080246,0.572918278043946,0.7465363949067553,0.641702164318838,LYN,1
Cellular Processes,Cell growth and death,hsa04218,Cellular senescence,2/116,157/9500,0.012738853503184714,1.0432681748297825,0.06077838649512106,0.5748045435013999,0.7465363949067553,0.641702164318838,CCNA1/ITPR3,2
Environmental Information Processing,Signal transduction,hsa04390,Hippo signaling pathway,2/116,157/9500,0.012738853503184714,1.0432681748297825,0.06077838649512106,0.5748045435013999,0.7465363949067553,0.641702164318838,CDH1/GLI2,2
Human Diseases,Endocrine and metabolic disease,hsa04932,Non-alcoholic fatty liver disease,2/116,157/9500,0.012738853503184714,1.0432681748297825,0.06077838649512106,0.5748045435013999,0.7465363949067553,0.641702164318838,NDUFA10/COX7B2,2
Human Diseases,Cancer: specific types,hsa05211,Renal cell carcinoma,1/116,70/9500,0.014285714285714285,1.1699507389162562,0.1586683003795721,0.5781713243536589,0.7465363949067553,0.641702164318838,ARNT2,1
Human Diseases,Infectious disease: bacterial,hsa05120,Epithelial cell signaling in Helicobacter pylori infection,1/116,71/9500,0.014084507042253521,1.1534725594949005,0.14431153008558278,0.5833603091230094,0.7465363949067553,0.641702164318838,LYN,1
Human Diseases,Cancer: overview,hsa05204,Chemical carcinogenesis - DNA adducts,1/116,71/9500,0.014084507042253521,1.1534725594949005,0.14431153008558278,0.5833603091230094,0.7465363949067553,0.641702164318838,MGST2,1
Human Diseases,Infectious disease: viral,hsa05165,Human papillomavirus infection,4/116,333/9500,0.012012012012012012,0.9837423630527079,-0.03357684307618352,0.5842348075918078,0.7465363949067553,0.641702164318838,LAMC1/ITGB1/CCNA1/ITGA9,4
Metabolism,Xenobiotics biodegradation and metabolism,hsa00982,Drug metabolism - cytochrome P450,1/116,73/9500,0.0136986301369863,1.1218705715635333,0.11621106021677113,0.5935491828656914,0.7465363949067553,0.641702164318838,MGST2,1
Human Diseases,Cancer: specific types,hsa05223,Non-small cell lung cancer,1/116,73/9500,0.0136986301369863,1.1218705715635333,0.11621106021677113,0.5935491828656914,0.7465363949067553,0.641702164318838,JAK3,1
Human Diseases,Infectious disease: viral,hsa05161,Hepatitis B,2/116,163/9500,0.012269938650306749,1.0048656653268457,0.006966366122848322,0.5953374912488683,0.7465363949067553,0.641702164318838,CCNA1/JAK3,2
Human Diseases,Drug resistance: antineoplastic,hsa01524,Platinum drug resistance,1/116,75/9500,0.013333333333333334,1.0919540229885059,0.08888625844935237,0.6034909847510543,0.7465363949067553,0.641702164318838,MGST2,1
Organismal Systems,Endocrine system,hsa03320,PPAR signaling pathway,1/116,76/9500,0.013157894736842105,1.0775862068965518,0.0755001155895399,0.6083710957079644,0.7465363949067553,0.641702164318838,SORBS1,1
Human Diseases,Cancer: specific types,hsa05214,Glioma,1/116,76/9500,0.013157894736842105,1.0775862068965518,0.0755001155895399,0.6083710957079644,0.7465363949067553,0.641702164318838,PDGFRA,1
Human Diseases,Cancer: specific types,hsa05212,Pancreatic cancer,1/116,77/9500,0.012987012987012988,1.0635915808329601,0.062290860052206326,0.6131916552259902,0.7465363949067553,0.641702164318838,ARHGEF6,1
Human Diseases,Cancer: specific types,hsa05220,Chronic myeloid leukemia,1/116,77/9500,0.012987012987012988,1.0635915808329601,0.062290860052206326,0.6131916552259902,0.7465363949067553,0.641702164318838,CTBP2,1
Human Diseases,Infectious disease: bacterial,hsa05133,Pertussis,1/116,78/9500,0.01282051282051282,1.0499557913351016,0.04925332261295039,0.6179533837618905,0.7465363949067553,0.641702164318838,ITGB1,1
Human Diseases,Cancer: specific types,hsa05225,Hepatocellular carcinoma,2/116,170/9500,0.011764705882352941,0.9634888438133874,-0.053405152991125075,0.6183556375963297,0.7465363949067553,0.641702164318838,PBRM1/MGST2,2
Metabolism,Xenobiotics biodegradation and metabolism,hsa00980,Metabolism of xenobiotics by cytochrome P450,1/116,79/9500,0.012658227848101266,1.0366652116979485,0.0363825537408999,0.6226569931318351,0.7465363949067553,0.641702164318838,MGST2,1
Organismal Systems,Nervous system,hsa04721,Synaptic vesicle cycle,1/116,79/9500,0.012658227848101266,1.0366652116979485,0.0363825537408999,0.6226569931318351,0.7465363949067553,0.641702164318838,SLC6A3,1
Human Diseases,Infectious disease: parasitic,hsa05140,Leishmaniasis,1/116,79/9500,0.012658227848101266,1.0366652116979485,0.0363825537408999,0.6226569931318351,0.7465363949067553,0.641702164318838,ITGB1,1
Environmental Information Processing,Signal transduction,hsa04310,Wnt signaling pathway,2/116,174/9500,0.011494252873563218,0.9413396749900911,-0.0868251060333425,0.6310562767640377,0.7497586472674461,0.6444719238750284,CTBP2/PLCB1,2
Metabolism,Xenobiotics biodegradation and metabolism,hsa00983,Drug metabolism - other enzymes,1/116,81/9500,0.012345679012345678,1.0110685398041719,0.011122550367277207,0.6318926590507297,0.7497586472674461,0.6444719238750284,MGST2,1
Genetic Information Processing,Chromosome,hsa03083,Polycomb repressive complex,1/116,83/9500,0.012048192771084338,0.9867054424594932,-0.013524791787488987,0.6409041785735903,0.7565312210997535,0.6502934421772186,RNF2,1
Environmental Information Processing,Signal transduction,hsa04012,ErbB signaling pathway,1/116,86/9500,0.011627906976744186,0.9522854851643945,-0.04941816098115281,0.6540129470128054,0.7680459736714484,0.6601912069710911,NRG1,1
Organismal Systems,Aging,hsa04211,Longevity regulating pathway,1/116,90/9500,0.011111111111111112,0.9099616858237548,-0.09541743480410124,0.6707560639516856,0.7836894828823265,0.6736379374810162,ADCY5,1
Organismal Systems,Immune system,hsa04621,NOD-like receptor signaling pathway,2/116,189/9500,0.010582010582010581,0.8666301769750044,-0.20590374825197102,0.675783057184381,0.7855549243412349,0.6752414196819624,PLCB1/ITPR3,2
Cellular Processes,Cell motility,hsa04814,Motor proteins,2/116,197/9500,0.01015228426395939,0.8314370733415019,-0.26580160838538236,0.6978007571025391,0.8070523907903103,0.6937200509206529,MYO7A/DNAH11,2
Human Diseases,Drug resistance: antineoplastic,hsa01522,Endocrine resistance,1/116,99/9500,0.010101010101010102,0.8272378962034136,-0.1921113367166516,0.7055480481435918,0.8119120755019222,0.6978973023160628,ADCY5,1
Environmental Information Processing,Signaling molecules and interaction,hsa04061,Viral protein interaction with cytokine and cytokine receptor,1/116,100/9500,0.01,0.8189655172413793,-0.20233514157507493,0.7091813240094936,0.8120126159908703,0.6979837241567122,IL2RB,1
Human Diseases,Infectious disease: bacterial,hsa05130,Pathogenic Escherichia coli infection,2/116,203/9500,0.009852216748768473,0.8068625785629353,-0.3092551718030612,0.7134991628991018,0.812892081113902,0.6987396882017912,ITGB1/SEC24A,2
Metabolism,Lipid metabolism,hsa00564,Glycerophospholipid metabolism,1/116,103/9500,0.009708737864077669,0.7951121526615332,-0.2324417504718684,0.7198166037258973,0.8160297141249033,0.7014367112909996,PLD4,1
Cellular Processes,Transport and catabolism,hsa04137,Mitophagy - animal,1/116,105/9500,0.009523809523809525,0.7799671592775042,-0.25206218809204656,0.726691644344602,0.8195350754171733,0.7044498235026956,SMURF1,1
Human Diseases,Cancer: specific types,hsa05215,Prostate cancer,1/116,106/9500,0.009433962264150943,0.7726089785296031,-0.26174289776163306,0.7300661807209753,0.8195350754171733,0.7044498235026956,PDGFRA,1
Environmental Information Processing,Signal transduction,hsa04066,HIF-1 signaling pathway,1/116,110/9500,0.00909090909090909,0.744514106583072,-0.2996431893824668,0.7431562039774509,0.824395979647861,0.708628123163181,HK1,1
Environmental Information Processing,Signal transduction,hsa04350,TGF-beta signaling pathway,1/116,110/9500,0.00909090909090909,0.744514106583072,-0.2996431893824668,0.7431562039774509,0.824395979647861,0.708628123163181,SMURF1,1
Human Diseases,Cardiovascular disease,hsa05417,Lipid and atherosclerosis,2/116,216/9500,0.009259259259259259,0.758301404853129,-0.39949134495785593,0.7451963658825643,0.824395979647861,0.708628123163181,PLCB1/LYN,2
Human Diseases,Cancer: overview,hsa05206,MicroRNAs in cancer,3/116,320/9500,0.009375,0.7677801724137931,-0.4698150077358146,0.7547882395398204,0.830992821416437,0.714298587013899,PRKCE/PDGFRA/ABCB1,3
Metabolism,Global and overview maps,hsa01200,Carbon metabolism,1/116,117/9500,0.008547008547008548,0.6999705275567345,-0.3630445570382154,0.7645669544422682,0.8377312563027723,0.7200907604165407,HK1,1
Organismal Systems,Nervous system,hsa04722,Neurotrophin signaling pathway,1/116,120/9500,0.008333333333333333,0.6824712643678161,-0.38917611361264826,0.7731921810378127,0.8431476640840909,0.7247465556595037,RPS6KA2,1
Organismal Systems,Immune system,hsa04660,T cell receptor signaling pathway,1/116,122/9500,0.00819672131147541,0.6712832108535897,-0.40627549319477996,0.7787675349006911,0.845202680058096,0.7265129909026153,CARD11,1
Genetic Information Processing,Transcription,hsa03040,Spliceosome,2/116,242/9500,0.008264462809917356,0.676831005984611,-0.5661776480673469,0.7997156499653609,0.8638437917078663,0.7425363780711147,THOC1/CTNNBL1,2
Environmental Information Processing,Signal transduction,hsa04068,FoxO signaling pathway,1/116,133/9500,0.007518796992481203,0.6157635467980296,-0.4961329419654121,0.8070890119512784,0.8677154166048955,0.7458643204096321,SETD7,1
Cellular Processes,Cell growth and death,hsa04210,Apoptosis,1/116,137/9500,0.0072992700729927005,0.5977850490812988,-0.527211555602911,0.8164703995203806,0.8736996331316221,0.7510081884422586,ITPR3,1
Human Diseases,Cardiovascular disease,hsa05418,Fluid shear stress and atherosclerosis,1/116,142/9500,0.007042253521126761,0.5767362797474502,-0.5649859337583389,0.8275633925634778,0.877810931549715,0.7545421475513524,MGST2,1
Organismal Systems,Development and regeneration,hsa04380,Osteoclast differentiation,1/116,143/9500,0.006993006993006993,0.5727031589100555,-0.5724048766066719,0.8297008841709405,0.877810931549715,0.7545421475513524,ITPR3,1
Cellular Processes,Cellular community - eukaryotes,hsa04550,Signaling pathways regulating pluripotency of stem cells,1/116,144/9500,0.006944444444444444,0.5687260536398466,-0.5797800951557799,0.8318121054423063,0.877810931549715,0.7545421475513524,JAK3,1
Cellular Processes,Transport and catabolism,hsa04148,Efferocytosis,1/116,157/9500,0.006369426751592357,0.5216340874148913,-0.6719559684587494,0.8570078836527302,0.8876707680090188,0.7630173919452381,ATP11A,1
Cellular Processes,Cell growth and death,hsa04110,Cell cycle,1/116,158/9500,0.006329113924050633,0.5183326058489742,-0.6787811904950111,0.8587832326301769,0.8876707680090188,0.7630173919452381,CCNA1,1
Environmental Information Processing,Signal transduction,hsa04150,mTOR signaling pathway,1/116,158/9500,0.006329113924050633,0.5183326058489742,-0.6787811904950111,0.8587832326301769,0.8876707680090188,0.7630173919452381,RPS6KA2,1
Cellular Processes,Transport and catabolism,hsa04145,Phagosome,1/116,159/9500,0.006289308176100629,0.5150726523530688,-0.685571084587969,0.8605367270655118,0.8876707680090188,0.7630173919452381,ITGB1,1
Cellular Processes,Cell growth and death,hsa04217,Necroptosis,1/116,159/9500,0.006289308176100629,0.5150726523530688,-0.685571084587969,0.8605367270655118,0.8876707680090188,0.7630173919452381,JAK3,1
Human Diseases,Infectious disease: bacterial,hsa05152,Tuberculosis,1/116,182/9500,0.005494505494505495,0.44998105342932937,-0.8329634204064482,0.8954098550228364,0.9195016000010294,0.7903783001617675,KSR1,1
Organismal Systems,Immune system,hsa04613,Neutrophil extracellular trap formation,1/116,196/9500,0.00510204081632653,0.41783954961294856,-0.915608512332458,0.9122452635481281,0.9326078810380417,0.8016440990765976,PLCB1,1
NA,NA,hsa04382,Cornified envelope formation,1/116,217/9500,0.004608294930875576,0.37740346416653425,-1.031493107901323,0.932590111845791,0.9491694916119383,0.815880004281464,ABCA12,1
Human Diseases,Infectious disease: bacterial,hsa05132,Salmonella infection,1/116,251/9500,0.00398406374501992,0.3262810825662866,-1.2026580208303883,0.9560749125344936,0.9687661724353939,0.8327247724450411,EXOC4,1
Environmental Information Processing,Signaling molecules and interaction,hsa04060,Cytokine-cytokine receptor interaction,1/116,298/9500,0.003355704697986577,0.2748206433695904,-1.4141204057909738,0.9757649664951492,0.9843620146581021,0.8461305297222023,IL2RB,1
Environmental Information Processing,Signaling molecules and interaction,hsa04080,Neuroactive ligand-receptor interaction,1/116,370/9500,0.002702702702702703,0.2213420316868593,-1.6985805407752885,0.9903125001990261,0.9946559760770919,0.8549789359982359,GPR156,1
Organismal Systems,Sensory system,hsa04740,Olfactory transduction,1/116,454/9500,0.0022026431718061676,0.18038888044964305,-1.9896716660107006,0.9967069844159377,0.9967069844159377,0.8567419263883262,OR2F1,1
