"","baseMean","log2FoldChange","lfcSE","stat","pvalue","padj","Change"
"ENSG00000278189.1",188.702259098618,10.9957536702218,1.25610088917889,8.75387778557315,2.06144328402e-18,1.5874144008596e-14,"Up"
"ENSG00000184428.13",626.764259007191,1.28870834129017,0.17400761747416,7.40604555131929,1.30121154965042e-13,5.00998976904152e-10,"Up"
"ENSG00000240225.11",38.0321336190967,8.69036006311753,1.27860259028902,6.79676400557979,1.06995146730038e-11,2.74638709131554e-08,"Up"
"ENSG00000267022.1",10.5047072665746,6.83225936714211,1.35188799215277,5.05386497017576,4.3295776272892e-07,NA,"Up"
"ENSG00000204371.12",765.150822621673,-1.51727484457452,0.309621578004546,-4.90041700049808,9.56334534269475e-07,0.000545500302306822,"Down"
"ENSG00000137076.22",14778.5316241908,1.21370049098571,0.263627371911462,4.60384853888892,4.14754152296944e-06,0.00182503677129293,"Up"
"ENSG00000197568.15",60.5800785778178,-1.08063617709461,0.240367341959412,-4.49576955124413,6.93187809589349e-06,0.00280941722512778,"Down"
"ENSG00000140465.15",823.755282731355,-1.07694661545645,0.26697367367145,-4.03390566809889,5.48573474680207e-05,0.0163852437072873,"Down"
"ENSG00000256092.4",19.5568225121311,1.48172090712946,0.367497667121426,4.03191921933993,5.53232045178195e-05,0.0163852437072873,"Up"
"ENSG00000251022.6",404.074282843486,1.02407180457965,0.255320692553911,4.0109236518831,6.04816678419291e-05,0.0172495956746954,"Up"
"ENSG00000184194.6",66.7338726161255,1.25927092276936,0.321655374318513,3.91496932217396,9.04157033178364e-05,0.0232082041133,"Up"
"ENSG00000260912.1",141.910794218532,-1.19650264640603,0.313100069870572,-3.82147039092209,0.00013265834347555,0.0322060543772846,"Down"
"ENSG00000176871.9",2667.92709354587,-1.03553082826281,0.273721451437406,-3.78315555037749,0.000154852571102164,0.0350718301109474,"Down"
"ENSG00000152763.17",66.4744872259545,-1.27434677977745,0.33724539879932,-3.77869285782534,0.000157653730313591,0.0351887695733276,"Down"
"ENSG00000277449.1",9.02903570259309,-2.73200373486784,0.725271728356114,-3.76686919957592,0.000165307552281381,NA,"Down"
"ENSG00000182484.15",167.576827511378,-1.77528162717608,0.475122576968181,-3.73647078298064,0.000186621121756839,0.0399187763357927,"Down"
"ENSG00000136159.4",484.301975152867,1.20942490307362,0.330364891272276,3.66087600415399,0.000251354388205868,0.0516147857701142,"Up"
"ENSG00000139194.8",12.120427435581,2.7451022297906,0.75215230983219,3.64966269983675,0.000262584880738362,NA,"Up"
"ENSG00000254732.2",6.75847640750893,6.19556474462508,1.69964518881807,3.64521065066142,0.000267172867971582,NA,"Up"
"ENSG00000169398.20",4386.72562984028,-1.08592415101633,0.301902121450307,-3.59694110726902,0.000321981346681163,0.0619854340029574,"Down"
"ENSG00000143494.16",7.34552025632344,4.23707005689713,1.20467581639216,3.51718694709633,0.000436146484398749,NA,"Up"
"ENSG00000285160.1",2.96715132898054,-5.0398029048249,1.4527642381353,-3.4691127249207,0.000522180308003569,NA,"Down"
"ENSG00000256566.1",3.10332400087802,-5.11288974154551,1.49409882514352,-3.42205592796339,0.000621495281831827,NA,"Down"
"ENSG00000112309.11",24.0206843519656,1.44268966615184,0.42311978181202,3.40964835057696,0.000650466903910101,0.0996495949621424,"Up"
"ENSG00000115339.14",6.22252505025755,-2.52373235804071,0.747491820067299,-3.37626752599579,0.000734764365043434,NA,"Down"
"ENSG00000243695.1",2.72876311239534,-4.91385876112565,1.45697357181633,-3.37264783396161,0.000744491080092559,NA,"Down"
"ENSG00000281091.3",7.72688582506296,-2.86798559966361,0.85280598998495,-3.36299889229697,0.000771006731575005,NA,"Down"
"ENSG00000110422.12",2147.35546879563,1.25070465703644,0.382677283427697,3.26830128465868,0.00108195124115532,0.143647681595113,"Up"
"ENSG00000276185.1",1.97332190279551,4.42267544995514,1.36398257350181,3.24247210769023,0.00118497546724955,NA,"Up"
"ENSG00000289094.1",2.0191661077611,-4.45203416561103,1.37575966586729,-3.23605515997188,0.00121193962086139,NA,"Down"
"ENSG00000261175.6",69.4918752398859,-1.68086053070766,0.527262975654651,-3.18789789596112,0.00143311131971686,0.178930590097173,"Down"
"ENSG00000162814.11",2.48917526215748,-4.31244120635609,1.3656602038808,-3.15777028143709,0.00158980783219885,NA,"Down"
"ENSG00000177076.6",198.843078591169,-1.15818051610223,0.368342441112123,-3.14430374247771,0.00166482539686057,0.194242241947346,"Down"
"ENSG00000137101.14",2.13800255247789,-4.53826722545863,1.46204485312926,-3.10405471880375,0.00190888023532465,NA,"Down"
"ENSG00000266916.9",18.2825629353659,-1.26829274091118,0.409107907713046,-3.10014232675449,0.0019342767200466,0.212219064009077,"Down"
"ENSG00000293196.1",1.81771288453184,4.32238060482699,1.41788143590499,3.04847816987473,0.00230003623171451,NA,"Up"
"ENSG00000237842.2",2.06715837052081,-4.47760988695378,1.47830733080105,-3.02887619756813,0.00245465250855163,NA,"Down"
"ENSG00000132321.17",40.3546081888329,1.58990924001105,0.531897621171454,2.98912643472521,0.00279776332753194,0.279794500047529,"Up"
"ENSG00000271871.1",4.66350345380657,-3.04296751541867,1.02307609084093,-2.97433156992016,0.00293627604117091,NA,"Down"
"ENSG00000036530.9",6.27848173957043,-2.28804244802231,0.770144650587043,-2.97092558687287,0.00296903711334477,NA,"Down"
"ENSG00000108309.14",17.7312576134967,2.26150086044884,0.761563495646283,2.96954997630194,0.00298236296640663,0.292556509844768,"Up"
"ENSG00000231043.3",5.72195374477078,2.22105311716872,0.753885330691136,2.94614184246368,0.00321764811526728,NA,"Up"
"ENSG00000289791.1",4.75446815763698,-5.68603877771695,1.94235554019123,-2.92739339428926,0.00341816221248526,NA,"Down"
"ENSG00000287594.3",2.2706493956738,-3.97312769190278,1.36368033299018,-2.9135330295413,0.00357364030167926,NA,"Down"
"ENSG00000225953.5",17.0434219523964,-1.96277043487655,0.67379188769601,-2.91302176639158,0.0035794964995055,0.328141818981454,"Down"
"ENSG00000257386.1",4.20781788021245,3.54888522436221,1.22889308906004,2.88787141530489,0.00387858392396008,NA,"Up"
"ENSG00000250999.2",3.27381841595647,-3.21343196617531,1.1130774453676,-2.88697967922084,0.00388959350573259,NA,"Down"
"ENSG00000257279.1",1.46242981413786,-4.01413542457268,1.40657417797391,-2.85383841636765,0.00431944949811195,NA,"Down"
"ENSG00000267690.1",6.94889969306044,-2.30103203781793,0.811343475079695,-2.8360763455846,0.00456715269760512,NA,"Down"
"ENSG00000228828.1",1.86818440181831,4.3276687099076,1.53043017731462,2.82774658658468,0.00468768978306853,NA,"Up"
"ENSG00000184402.15",372.904906024199,1.06057442790775,0.375449737092956,2.8248106820359,0.00473085593103656,0.402540951347481,"Up"
"ENSG00000276007.1",3.74559387057479,2.75324563016425,0.978548125167341,2.8136026827433,0.00489897372346436,NA,"Up"
"ENSG00000288748.1",1.50187947531101,4.02363431122639,1.4342378621766,2.80541632412362,0.00502516269227529,NA,"Up"
"ENSG00000260160.1",8.133127536054,1.64595035001257,0.589518607712399,2.79202442209519,0.00523794025618794,NA,"Up"
"ENSG00000258984.5",5.25324334565171,3.74123079344115,1.34903955745269,2.77325507081904,0.00554986008976203,NA,"Up"
"ENSG00000254634.4",10.1556974362817,1.84083216574213,0.664143547875005,2.77173838642574,0.00557578287042124,NA,"Up"
"ENSG00000158486.15",3.10183701799216,-2.97898143909624,1.07662122297215,-2.76697261351806,0.0056579507958581,NA,"Down"
"ENSG00000188372.15",23.4759826224475,-1.02582529031519,0.376741668441407,-2.72288779353519,0.00647140332496778,0.504920409052916,"Down"
"ENSG00000271092.5",16.626591395266,1.12323090140785,0.413819277474071,2.71430298816426,0.00664153912204901,0.507864276977024,"Up"
"ENSG00000131019.11",256.899236719844,-1.13475530478429,0.418215691294915,-2.71332551217953,0.00666116381724297,0.507864276977024,"Down"
"ENSG00000269792.1",5.57631987159996,1.95751397313664,0.723614458085191,2.70518913941626,0.00682655083010547,NA,"Up"
"ENSG00000259407.1",1.33037480108194,3.85726639270864,1.42695310797326,2.70314866771426,0.00686860175156175,NA,"Up"
"ENSG00000259112.2",21.0047979781804,1.07920895963098,0.399645430256774,2.70041611369754,0.00692527988892879,0.509880092036751,"Up"
"ENSG00000282556.5",8.31086451619391,-1.55699326667294,0.577172745063789,-2.69762091157105,0.0069836918059558,NA,"Down"
"ENSG00000269583.1",2.07417038911963,4.52258411359389,1.67823311506158,2.6948485719923,0.00704206265586063,NA,"Up"
"ENSG00000140527.15",1.45870368718623,-4.00106934702798,1.4851186037464,-2.69410762004784,0.00705773720709159,NA,"Down"
"ENSG00000287338.1",3.52689062249953,-2.69954235981095,1.00737476005198,-2.6797796280618,0.00736706428233297,NA,"Down"
"ENSG00000169783.13",26.3739618086682,1.38894048872592,0.520350224362387,2.66924164475544,0.00760227340726834,0.528343115157439,"Up"
"ENSG00000286342.3",5.49053595117496,-1.84977342835866,0.695844454055577,-2.65831453793684,0.00785325609379844,NA,"Down"
"ENSG00000175548.9",418.636278255263,-1.11539221488498,0.419954038525432,-2.65598639984844,0.00790768034410944,0.531530605578687,"Down"
"ENSG00000278233.1",99.2384985931982,-10.0760453704138,3.80389372789422,-2.64887667510936,0.00807597959258572,0.531530605578687,"Down"
"ENSG00000178226.11",4.97701278987354,-1.9782032196247,0.747316387038409,-2.64707592919815,0.008119112079263,NA,"Down"
"ENSG00000205085.13",14.6649918632306,1.13547297275243,0.429052492495753,2.64646632431269,0.00813376033198428,0.533055501586765,"Up"
"ENSG00000231609.7",2.94623709655401,3.85981589338407,1.46157983222484,2.64085191125592,0.00826978579252775,NA,"Up"
"ENSG00000256966.6",2.33947061532474,-4.65279836101113,1.76205345843505,-2.64055459767008,0.00827704549797972,NA,"Down"
"ENSG00000261924.1",6.13514072278305,1.64264460937747,0.622338920341504,2.63946951682867,0.00830358905063662,NA,"Up"
"ENSG00000140470.15",7.19468232394846,-2.50947261112597,0.953339927112082,-2.63229572134656,0.00848100073993501,NA,"Down"
"ENSG00000253958.2",18.5611214828736,-1.09108069627279,0.416418825789218,-2.62015218501449,0.00878905350165017,0.566360723761148,"Down"
"ENSG00000288043.1",3.06721611668407,4.01775958409196,1.5371992970328,2.61368814821038,0.00895707510185296,NA,"Up"
"ENSG00000251023.1",4.77567663935615,-2.62953713881157,1.01012223350988,-2.60318707140492,0.00923615413539781,NA,"Down"
"ENSG00000233559.2",4.86739042927051,-2.23169676460092,0.857801063137608,-2.60164840136472,0.0092776915214943,NA,"Down"
"ENSG00000285713.1",5.35656109579569,-3.25905560378284,1.25364911758803,-2.59965532465186,0.00933174367335059,NA,"Down"
"ENSG00000272822.2",1.35573779987267,3.87351383521156,1.49074041157585,2.59838252530962,0.00936640876963126,NA,"Up"
"ENSG00000254501.1",2.49023567892316,-3.65844201256351,1.40964884612631,-2.59528606902127,0.00945122189933723,NA,"Down"
"ENSG00000213468.7",10.5404067536705,-2.68964176167955,1.03796607628199,-2.59126172149469,0.00956247366969748,NA,"Down"
"ENSG00000289041.1",2.17594078819527,-3.49698077928611,1.34969508510758,-2.59094133028378,0.00957138076243579,NA,"Down"
"ENSG00000122986.14",15.9057416163455,-1.44266834257402,0.557802876327946,-2.58634080926797,0.00970009660723332,0.599964609831327,"Down"
"ENSG00000276840.1",6.84704842919631,-1.65374982391214,0.639447656126223,-2.58621610083077,0.00970360714430592,NA,"Down"
"ENSG00000165899.12",29.1530838323087,-1.87818432513405,0.72791828022868,-2.58021315874085,0.00987393467417688,0.606519898701601,"Down"
"ENSG00000165731.21",9.80230975899571,2.99238455666619,1.16069038726837,2.57810746904575,0.00993430961113253,NA,"Up"
"ENSG00000221994.12",57.6311792351628,-1.10513212052136,0.430667739289981,-2.56608986394785,0.0102852177968109,0.615726057326565,"Down"
"ENSG00000226856.9",1.08499602750857,-3.87460021345281,1.51492667722365,-2.5576156732243,0.0105392499704308,NA,"Down"
"ENSG00000285702.1",8.5748713698575,1.76817870047662,0.696170255890692,2.53986533540475,0.0110895158318333,NA,"Up"
"ENSG00000290894.1",6.32121861603361,-2.16246026075583,0.85604402207236,-2.52610871053199,0.0115333786380546,NA,"Down"
"ENSG00000260806.1",9.72120490049537,-1.45715630319767,0.579552045278863,-2.51428032230744,0.0119275585151834,NA,"Down"
"ENSG00000257043.1",1.18470884537243,3.68524471697648,1.46606743866004,2.5136938586841,0.011947409504011,NA,"Up"
"ENSG00000277022.1",1.17880156683195,-3.6769572329463,1.46304640424671,-2.51321982834815,0.0119634761808348,NA,"Down"
"ENSG00000270090.5",1.16717582724095,3.66093376983511,1.45961624293311,2.50814814343147,0.0121365772545425,NA,"Up"
"ENSG00000277386.1",2.16940227276377,3.46871182309905,1.38677536550565,2.50127880071932,0.0123745718423215,NA,"Up"
"ENSG00000261762.1",30.7960616065719,1.07553330723998,0.433667501427389,2.48008740267585,0.0131350181268102,0.723294029958696,"Up"
"ENSG00000290033.1",12.5201513086094,-1.42304004028055,0.574198940171979,-2.47830488829243,0.0132008288496595,NA,"Down"
"ENSG00000224848.4",2.73931476439884,-2.76309611265098,1.11768772662747,-2.47215393604472,0.0134301672385701,NA,"Down"
"ENSG00000269473.1",5.95019680120901,2.01170620502215,0.815804730087732,2.4659163287835,0.0136663253637254,NA,"Up"
"ENSG00000224321.1",2.23938726091959,-4.6239203554101,1.87555937170993,-2.46535536286143,0.0136877424453536,NA,"Down"
"ENSG00000118997.14",6.52014037255374,-3.53700539005768,1.43668930900068,-2.46191390713272,0.0138197835376599,NA,"Down"
"ENSG00000089199.10",3.12910300439253,3.28406876838742,1.33408029077708,2.46167250284051,0.0138290877650652,NA,"Up"
"ENSG00000260091.1",6.91778116386216,-1.5044072721729,0.6121853696917,-2.45743747997527,0.0139932164934531,NA,"Down"
"ENSG00000224185.1",3.62294131686328,2.63015101054182,1.07262725588519,2.45206430855728,0.0142039274479703,NA,"Up"
"ENSG00000234694.2",1.11987360375309,-3.6557152799885,1.49393203622699,-2.44704256374421,0.0144033828390558,NA,"Down"
"ENSG00000124251.11",5.51178367377647,1.69761378680504,0.693955884283826,2.44628487955975,0.0144336902945705,NA,"Up"
"ENSG00000220804.11",2.9321642914848,2.99181108604419,1.22609652826001,2.44011055988387,0.0146827675156516,NA,"Up"
"ENSG00000270661.1",2.80073823752006,2.89524060466915,1.19026697100165,2.43242959370091,0.0149979070350122,NA,"Up"
"ENSG00000234336.7",1.61520424408396,-4.18237535165438,1.72339147119011,-2.42682839132666,0.0152314586494519,NA,"Down"
"ENSG00000196218.14",1.84899347106948,-3.50899060147474,1.45336158847974,-2.41439613465033,0.0157613159872524,NA,"Down"
"ENSG00000181392.17",1.98500611115828,-3.23345288026441,1.34241201457118,-2.4086888713502,0.0160099399255637,NA,"Down"
"ENSG00000251595.8",4.76496041482017,2.23820886770029,0.929718123081192,2.40740587080589,0.0160663033076956,NA,"Up"
"ENSG00000151651.16",9.62868351159166,-1.52414025417935,0.633653615914994,-2.40532085022272,0.0161582722751535,NA,"Down"
"ENSG00000259349.4",2.80857338253284,-3.04911821141438,1.26831638518708,-2.40406750793859,0.0162137788235113,NA,"Down"
"ENSG00000214654.9",72.614761231775,1.05935447123202,0.442617888698235,2.39338377024851,0.0166937696214164,0.839526238983623,"Up"
"ENSG00000254419.1",1.37709802261039,3.88615043647982,1.62427882368264,2.39253900242876,0.0167322496169494,NA,"Up"
"ENSG00000131730.16",1.93915121245936,-3.06549527056938,1.28237532697841,-2.39048210463659,0.0168262691271514,NA,"Down"
"ENSG00000173068.19",664.942483871483,1.06336811749024,0.445263555621156,2.38817685405852,0.0169321915185946,0.8415033295897,"Up"
"ENSG00000123496.8",6.75388476038299,-1.49344172838535,0.625349991715072,-2.38816942219743,0.0169325339443182,NA,"Down"
"ENSG00000170017.12",4630.32892957527,1.20598628212319,0.504998562372349,2.38809844617732,0.0169358044966505,0.8415033295897,"Up"
"ENSG00000255046.1",2.58562403799139,-3.51147912962764,1.47182457348305,-2.38580004226846,0.017042014313555,NA,"Down"
"ENSG00000147465.12",2.16821106611226,3.35190315316382,1.40564290708281,2.38460503466003,0.0170974665021578,NA,"Up"
"ENSG00000288739.1",3.86005350207597,-2.23756361620385,0.94167366351247,-2.37615609621881,0.0174940603851238,NA,"Down"
"ENSG00000232713.2",3.78986717889576,2.66014909157756,1.11988601874924,2.37537485694176,0.0175311359988373,NA,"Up"
"ENSG00000113272.14",133.228429068119,1.24943550339391,0.528652675373455,2.36343361453958,0.0181064703086084,0.870386992144739,"Up"
"ENSG00000267281.3",17.0793199795506,-1.18596347256753,0.501994309846165,-2.3625038158918,0.0181519545668266,0.870386992144739,"Down"
"ENSG00000279342.2",15.9523532124906,1.67086134131837,0.707521919140949,2.3615683078018,0.0181978190682817,0.870386992144739,"Up"
"ENSG00000271862.1",5.12106298837936,2.10431537457528,0.892267215078529,2.35839145383155,0.018354326691354,NA,"Up"
"ENSG00000279443.1",12.6541363185159,1.0645127194273,0.452466959125157,2.35268608670461,0.0186383612679841,NA,"Up"
"ENSG00000261618.2",18.6108219727963,1.0749503686488,0.457110611151803,2.35161981022536,0.0186918689401235,0.883047464867611,"Up"
"ENSG00000287032.1",2.67175314144566,2.83731874953441,1.20840250395591,2.34799145172736,0.0188749544840038,NA,"Up"
"ENSG00000266642.2",1.57844474170908,3.25591033118567,1.38682048049288,2.34775183737445,0.0188871003491732,NA,"Up"
"ENSG00000229388.1",1.20062654306703,3.698679473866,1.57604912674398,2.34680468464028,0.0189351777178609,NA,"Up"
"ENSG00000187122.17",2.44303738434382,-3.0752408966263,1.31228766284374,-2.3434198032177,0.0191078696437056,NA,"Down"
"ENSG00000185482.8",7.34937768452876,-1.28498102614421,0.549122401581806,-2.34006302136406,0.0192804861390368,NA,"Down"
"ENSG00000102128.8",1.00354240893703,3.44529071096001,1.476729235478,2.33305512492601,0.0196452522937988,NA,"Up"
"ENSG00000178462.12",6.70924488091453,1.68330857962655,0.721511505175908,2.33303082147825,0.019646527722188,NA,"Up"
"ENSG00000287884.1",1.27874352881432,3.81172070978952,1.63655192497155,2.32911687776468,0.0198528748007324,NA,"Up"
"ENSG00000289552.2",1.80909901773231,3.20279286451428,1.37844500895336,2.32348250652823,0.020153246345969,NA,"Up"
"ENSG00000180422.3",2.03145585588958,-3.67430999582614,1.58459860483892,-2.31876387156081,0.0204078431475306,NA,"Down"
"ENSG00000111215.12",7.35428822756618,1.94847548674211,0.840355312119393,2.31863291472272,0.0204149488336114,NA,"Up"
"ENSG00000247157.7",4.64451636834066,-2.31701443271462,1.0036043342246,-2.30869313104828,0.0209606157856115,NA,"Down"
"ENSG00000226953.8",2.11306436425128,-3.67552470633136,1.59371557128243,-2.30626140106905,0.0210960305307062,NA,"Down"
"ENSG00000231924.10",3.09698147723437,3.02820810361431,1.31455472799727,2.30359987235205,0.0212451150282151,NA,"Up"
"ENSG00000121577.14",20.4313572482308,1.67926771443316,0.729699349140639,2.30131452962212,0.0213738590731447,0.95414145966812,"Up"
"ENSG00000287405.1",1.2396496549376,-3.72206654780626,1.62041177721372,-2.29698808669874,0.0216194493506754,NA,"Down"
"ENSG00000247473.2",2.15886362307041,-3.43156883195003,1.49804813579447,-2.29069330280909,0.0219811582462392,NA,"Down"
"ENSG00000290556.1",3.13574091843389,-5.08451520191164,2.22063222686062,-2.28967009503405,0.0220404482413035,NA,"Down"
"ENSG00000280162.1",2.06680730151707,-3.43512383533276,1.50550201453602,-2.28171321072024,0.0225062776119017,NA,"Down"
"ENSG00000142959.5",3.71547863184281,-2.63356868730804,1.15424829137233,-2.28163100347923,0.0225111346957893,NA,"Down"
"ENSG00000261790.2",37.3358371538642,1.25397573673315,0.550401864593116,2.27829122210578,0.0227092323054602,0.976941024403332,"Up"
"ENSG00000258561.2",9.25281984353927,-1.46533070037708,0.643488244432013,-2.27716778520248,0.0227762080780526,NA,"Down"
"ENSG00000289460.1",1.18192574840545,3.68978418125351,1.62378851174563,2.27233051260282,0.0230665552061298,NA,"Up"
"ENSG00000256116.1",10.0093966481557,1.31051352276927,0.577186913356297,2.27051842729548,0.0231761465311051,NA,"Up"
"ENSG00000227107.1",2.58787763685175,-2.71535035621754,1.1963608493077,-2.2696750380864,0.0232273070300469,NA,"Down"
"ENSG00000100156.12",5.27913312818935,-1.60058506505075,0.705687799333616,-2.26812064281427,0.023321854517044,NA,"Down"
"ENSG00000280294.1",12.3366502562208,-1.46766787479196,0.647296934819547,-2.26737961489206,0.0233670456875543,NA,"Down"
"ENSG00000273257.2",2.12262691635897,-4.18879260212208,1.85180446445378,-2.26200588805559,0.0236970395128942,NA,"Down"
"ENSG00000233967.7",12.2126316200631,1.44000357797741,0.637169960272883,2.25999916468236,0.0238213026801838,NA,"Up"
"ENSG00000160469.17",17.9549841489786,1.35568780095075,0.602044151452272,2.25180794079722,0.0243344116614121,0.999991842068806,"Up"
"ENSG00000180861.9",0.951829151708105,-3.41196030069856,1.516561426326,-2.24980026622749,0.0244616271201994,NA,"Down"
"ENSG00000290970.1",10.3010112689227,2.38714751014535,1.06291251650539,2.24585511326346,0.0247132898005712,NA,"Up"
"ENSG00000086570.13",1.86747534848788,3.1000255574162,1.38255930990771,2.24223694072347,0.0249460628442105,NA,"Up"
"ENSG00000263345.1",7.5519672582112,2.63629844279583,1.17607207429954,2.24161299329039,0.02498639548381,NA,"Up"
"ENSG00000287727.1",2.92563864086685,-2.32337406292061,1.03673797507285,-2.2410426923518,0.0250233097331077,NA,"Down"
"ENSG00000173349.6",110.418765655756,1.74006569405749,0.778788687395118,2.23432327949914,0.0254618096708506,0.999991842068806,"Up"
"ENSG00000288767.2",13.7415115324058,-1.34086357747284,0.600566401447971,-2.23266498798468,0.0255710449657911,0.999991842068806,"Down"
"ENSG00000270557.1",0.970046386268869,-3.42423831094087,1.53395555445533,-2.23229304199543,0.0255956014525964,NA,"Down"
"ENSG00000271454.1",1.20140755499684,3.6913558428282,1.65420168847942,2.23150288658052,0.0256478365244195,NA,"Up"
"ENSG00000260118.1",2.53517667181318,2.68950425241702,1.20769392120001,2.22697506810718,0.0259489401144212,NA,"Up"
"ENSG00000173626.10",4.64861316180348,-2.28980293808798,1.02923289379281,-2.22476657314154,0.0260969124815082,NA,"Down"
"ENSG00000276166.1",4.09611127835386,1.95837895526814,0.88079158969742,2.22343058014542,0.0261867795726011,NA,"Up"
"ENSG00000273008.1",4.86146997159068,1.64754140718303,0.741619289648468,2.22154605493604,0.0263139989858755,NA,"Up"
"ENSG00000129244.9",0.974819429806763,3.41496344495209,1.5407413386345,2.21644176041817,0.0266612623451835,NA,"Up"
"ENSG00000224596.9",3.0892850591044,-2.99860934047472,1.3531454823166,-2.21602878601129,0.0266895307545479,NA,"Down"
"ENSG00000259244.1",10.8057447722415,1.45546986965643,0.65876875726009,2.20937901747183,0.0271482892299907,NA,"Up"
"ENSG00000134532.20",10.3920268646143,-3.4767011663254,1.57513638834817,-2.20723817444875,0.0272974240794571,NA,"Down"
"ENSG00000291097.1",11.7031589873415,1.22891438734511,0.557559338509549,2.20409614271766,0.0275175833734061,NA,"Up"
"ENSG00000112706.12",8.85295421796205,2.72641602527499,1.23722962008393,2.20364593687147,0.0275492540053404,NA,"Up"
"ENSG00000258666.1",1.67788848229753,3.09035966943507,1.40339963228951,2.20205250046521,0.0276616001788827,NA,"Up"
"ENSG00000256139.2",1.00280447161239,3.44347453029448,1.56536133552425,2.19979531380289,0.0278214206161638,NA,"Up"
"ENSG00000260400.1",1.68076236877418,3.04469971223462,1.38436328666497,2.19935022949758,0.0278530286778441,NA,"Up"
"ENSG00000259868.3",1.1358195465729,3.83892177073068,1.74747608202632,2.19683794829351,0.028032021787006,NA,"Up"
"ENSG00000188396.4",16.3096873537783,-1.00458880265631,0.457647580676512,-2.19511441789179,0.0281553912290469,0.999991842068806,"Down"
"ENSG00000270060.1",2.05039202980828,3.39959673599583,1.5491823050453,2.19444588601625,0.0282033702013701,NA,"Up"
"ENSG00000260751.2",3.84581683348349,1.83341612973111,0.836591250864605,2.19153156076675,0.0284133484235869,NA,"Up"
"ENSG00000169758.13",1.61135794983148,3.03279527867481,1.38581992642242,2.18844831197092,0.0286369624153225,NA,"Up"
"ENSG00000273828.2",6.11631519559532,1.43547824000249,0.656580285408448,2.18629506840812,0.0287940247151932,NA,"Up"
"ENSG00000260955.2",1.03254094225613,3.47765013241532,1.59248680805632,2.18378583409423,0.0289779890087652,NA,"Up"
"ENSG00000250309.2",1.02827792502637,3.46952199954318,1.59046606685799,2.18144987299057,0.029150158231936,NA,"Up"
"ENSG00000232082.1",1.03218259123733,3.47546246953198,1.59319017445246,2.18144859619561,0.0291502525767722,NA,"Up"
"ENSG00000171435.15",233.810253287318,1.44123053121469,0.661904298478748,2.17740016876619,0.0294507231082998,0.999991842068806,"Up"
"ENSG00000287642.3",1.76638022067408,3.17403123069067,1.45849483993454,2.17623754557344,0.0295375028143923,NA,"Up"
"ENSG00000163126.15",22.1210698213879,-1.5625379592002,0.718035696531444,-2.17612852222838,0.0295456517260945,0.999991842068806,"Down"
"ENSG00000266401.4",1.80266087757946,-3.34271799229092,1.53770564893632,-2.17383476129075,0.0297175469236245,NA,"Down"
"ENSG00000229672.3",1.35158217897592,-3.11849280433081,1.436854080191,-2.17036151918521,0.0299794695423769,NA,"Down"
"ENSG00000272384.2",3.23519952430852,2.02925713458678,0.936378518621831,2.1671333699255,0.0302246861134584,NA,"Up"
"ENSG00000241061.3",5.09968375120493,1.53761946871457,0.709729177618596,2.1664876085183,0.030273945747341,NA,"Up"
"ENSG00000286078.1",17.9495557427793,-1.8977872217525,0.876878316587254,-2.16425379194977,0.0304448769491378,0.999991842068806,"Down"
"ENSG00000156206.14",5.15212270867819,2.70790932711487,1.25157387196573,2.16360327406149,0.0304948100517173,NA,"Up"
"ENSG00000277654.7",2.05444272783666,3.38193627798352,1.56622519921221,2.15929119240616,0.0308275830165851,NA,"Up"
"ENSG00000234465.11",16.6972706868638,1.28256327453662,0.59596653984033,2.15207262286946,0.0313916349958879,0.999991842068806,"Up"
"ENSG00000248664.3",5.20664436095251,1.87199724399851,0.870757345056205,2.14984950127258,0.0315671211701782,NA,"Up"
"ENSG00000173868.12",13.8758688437453,-1.99550972833893,0.929499957164712,-2.14686371199619,0.0318041333048023,0.999991842068806,"Down"
"ENSG00000284685.2",2.60765452692012,2.77340100856897,1.29223379845547,2.14620683337942,0.0318564806446568,NA,"Up"
"ENSG00000232053.7",2.64527621114337,-3.51303601102993,1.63870016087527,-2.14379426749646,0.0320493748696861,NA,"Down"
"ENSG00000260000.3",17.9369430051342,1.29713812599644,0.605250942781447,2.14314102516786,0.0321017761013841,0.999991842068806,"Up"
"ENSG00000262094.1",0.803513981251331,-3.45681820969803,1.61390666358808,-2.14189474998061,0.0322019524342615,NA,"Down"
"ENSG00000253320.7",11.5418388119326,-1.01479015722359,0.47432092253587,-2.13945898021575,0.0323985146347899,NA,"Down"
"ENSG00000157992.12",9.407537394283,1.58661384618785,0.741813086382161,2.13883237612564,0.0324492463618725,NA,"Up"
"ENSG00000279504.1",4.06826512318566,2.90135813740095,1.35683914000828,2.13832137638898,0.0324906687799312,NA,"Up"
"ENSG00000224616.5",39.2840831930557,-1.69262627313991,0.793712864037495,-2.13254232082088,0.0329622892452252,0.999991842068806,"Down"
"ENSG00000260391.2",13.7570390195534,7.21923252225841,3.38920647100437,2.13006572010912,0.0331661879564698,0.999991842068806,"Up"
"ENSG00000188981.11",1.95966947448548,3.00039645669506,1.40950176713297,2.12869293722,0.0332796735644146,NA,"Up"
"ENSG00000254618.1",7.61368734976938,-1.49945379206698,0.704972075243629,-2.12696905980111,0.0334226540349162,NA,"Down"
"ENSG00000070526.15",0.954930417208291,3.3224073345214,1.56732866010741,2.11978981759557,0.0340237743922603,NA,"Up"
"ENSG00000277324.1",4.6160573467196,2.06096605340715,0.972901631093832,2.11837043698858,0.034143707543024,NA,"Up"
"ENSG00000271882.1",2.35860870099083,-2.6679200930964,1.26188572788796,-2.11423271864857,0.034495395653875,NA,"Down"
"ENSG00000148344.11",5.41612610052815,3.72475650990749,1.76402855957702,2.11150578582504,0.0347288611343342,NA,"Up"
"ENSG00000288913.2",3.67537985333158,1.86990127229644,0.886510486651387,2.10928274448237,0.0349201833295532,NA,"Up"
"ENSG00000278206.1",1.72685356844377,3.0677132803473,1.457445138905,2.10485677879588,0.0353037769578466,NA,"Up"
"ENSG00000225393.1",3.13839993356628,1.89993368541229,0.902823183806777,2.10443608393082,0.0353404245657281,NA,"Up"
"ENSG00000074276.11",5.34842126383487,3.04844309961896,1.44894901655594,2.10389949182954,0.0353872153313015,NA,"Up"
"ENSG00000150636.17",50.9535805443149,1.16433669180342,0.553817339595425,2.10238396048415,0.0355196550772311,0.999991842068806,"Up"
"ENSG00000261266.2",2.46229792380621,-3.64926233180566,1.7359530573123,-2.10216648222944,0.0355386947904665,NA,"Down"
"ENSG00000132386.11",4.3053294440667,1.75299189805584,0.835877656507041,2.09718717136336,0.0359770096722817,NA,"Up"
"ENSG00000289132.1",5.09842120961033,2.15799291174304,1.03076220048633,2.09358949205244,0.0362965644241034,NA,"Up"
"ENSG00000259627.1",2.87069820775346,-2.87431737348802,1.37723108346832,-2.08702621367618,0.0368857650486727,NA,"Down"
"ENSG00000230565.1",1.68586419579319,3.05070298457523,1.46255293554161,2.08587525992383,0.0369899238553118,NA,"Up"
"ENSG00000270181.3",31.1626706553137,-3.48967398589693,1.67635823879736,-2.08169942744485,0.0373699329714914,0.999991842068806,"Down"
"ENSG00000288007.1",1.60797708529591,-3.03858271566946,1.46342726990902,-2.076346927619,0.0378618760003837,NA,"Down"
"ENSG00000293274.1",2.44724098585459,-2.69860024262638,1.30108879864542,-2.07410919641759,0.0380691706807529,NA,"Down"
"ENSG00000277215.2",33.6733225570249,-1.21490417562293,0.586780568331216,-2.07045740979132,0.0384095304650253,0.999991842068806,"Down"
"ENSG00000275638.1",2.88119373121014,2.94366712101293,1.42263951137521,2.0691588399421,0.0385311837245449,NA,"Up"
"ENSG00000245598.7",7.42411446940024,1.35624783356616,0.655505982096905,2.06900908703784,0.038545233986742,NA,"Up"
"ENSG00000264739.1",1.48418226732991,2.88234066303002,1.39346386898632,2.06847176104164,0.0385956833535268,NA,"Up"
"ENSG00000235978.8",1.90096355947779,-2.38821107059068,1.15531187145991,-2.06715704182354,0.0387193585917549,NA,"Down"
"ENSG00000182902.14",5.53900732177533,1.36473754836774,0.660450817246025,2.0663727150168,0.0387933002203147,NA,"Up"
"ENSG00000231989.5",4.03105471355517,-1.90991553430426,0.925382263962975,-2.06392061819403,0.0390252435032209,NA,"Down"
"ENSG00000225362.10",1.50154908670379,3.89584111368742,1.89504809244062,2.05580065710627,0.0398017346758747,NA,"Up"
"ENSG00000286285.1",1.22238543992124,-3.76856067552183,1.83536248483239,-2.05330593093494,0.0400429160197826,NA,"Down"
"ENSG00000248213.3",9.27490900958045,1.72950400890555,0.842320036817635,2.05326233890835,0.0400471413399425,NA,"Up"
"ENSG00000221953.5",1.66512193890635,-3.06100601405045,1.49299311211103,-2.05024791421999,0.0403402444877582,NA,"Down"
"ENSG00000168405.19",10.2357774735618,6.79279131813559,3.31708174840931,2.04782149894046,0.0405774929773535,NA,"Up"
"ENSG00000285599.1",0.827975571506752,3.17520092480822,1.55088968046575,2.0473415774194,0.0406245582864766,NA,"Up"
"ENSG00000289981.1",5.15820409475153,-1.80940259632291,0.88567337211399,-2.04296826944689,0.0410555792930499,NA,"Down"
"ENSG00000277125.1",4.25694653498971,-2.10410236799644,1.03069824240094,-2.04143393423771,0.0412077143662796,NA,"Down"
"ENSG00000158748.4",0.824581879937094,3.16476813322673,1.55052927831973,2.04108892200754,0.041241989304407,NA,"Up"
"ENSG00000260862.1",0.825634759667592,3.16562688001407,1.55136684780391,2.04054049788112,0.0412965217189848,NA,"Up"
"ENSG00000226007.3",3.29176195468239,2.71171529222796,1.33005951746684,2.03879244245592,0.0414707469090862,NA,"Up"
"ENSG00000117594.10",10.1641376732554,-1.60124773251486,0.785751635457834,-2.03785478802327,0.0415644572603127,NA,"Down"
"ENSG00000179292.5",6.0254039807654,1.92730494799445,0.946060436673615,2.03719009196805,0.041630996359659,NA,"Up"
"ENSG00000169067.4",4.17865780460438,3.45205963162177,1.69645518820711,2.03486638233577,0.0418643194229329,NA,"Up"
"ENSG00000249307.8",2.70949857089811,-3.589783614392,1.76616083148766,-2.03253494834232,0.0420995294776067,NA,"Down"
"ENSG00000171914.17",92.5149285032289,-1.78375847803127,0.878099289038622,-2.0313858584081,0.0422158678357217,0.999991842068806,"Down"
"ENSG00000265474.1",1.73414980437616,4.23791741115472,2.08672388396964,2.03089514799284,0.0422656320917071,NA,"Up"
"ENSG00000272097.2",2.36446581957395,2.61973132097018,1.2899701535288,2.03084646090742,0.0422705722844338,NA,"Up"
"ENSG00000250299.7",10.0843461116808,-1.36432649899257,0.672240947638532,-2.02952007577821,0.0424053462973785,NA,"Down"
"ENSG00000288538.1",12.2254297934989,1.25223259596968,0.617072279318972,2.02931267201259,0.0424264534231045,NA,"Up"
"ENSG00000161180.11",1.62055705677493,-2.92199222986056,1.44093350835901,-2.0278466791908,0.0425758985321967,NA,"Down"
"ENSG00000260689.2",1.51085549305122,2.89876317636278,1.43028635252371,2.02670127645976,0.0426929718645934,NA,"Up"
"ENSG00000215837.7",16.5817495099529,-2.67189367061321,1.31870129909672,-2.02615533361754,0.0427488692235893,0.999991842068806,"Down"
"ENSG00000273597.1",0.849350761406147,3.1864128448102,1.57351820459661,2.02502445507269,0.0428648531580654,NA,"Up"
"ENSG00000129910.8",1.88845262241595,-3.28883846048827,1.62473584011678,-2.02422964969609,0.0429465282149273,NA,"Down"
"ENSG00000259030.8",13.8713670182916,6.4121331820593,3.16776436107729,2.02418249944534,0.0429513775561175,0.999991842068806,"Up"
"ENSG00000279138.1",1.50845938975568,2.89476160235782,1.43039983411936,2.02374296564429,0.0429966053009858,NA,"Up"
"ENSG00000267185.1",1.61294986728509,-2.96239824415315,1.46675316808055,-2.01969786643097,0.043414736555202,NA,"Down"
"ENSG00000277778.4",9.56039553086292,6.69554514042593,3.32031480498148,2.01653925416367,0.0437436177966058,NA,"Up"
"ENSG00000289504.1",6.40018823408209,-1.71818879045192,0.852934847202139,-2.01444318530079,0.0439630241880416,NA,"Down"
"ENSG00000237892.1",2.49298000170715,-3.69036633070127,1.83412214444416,-2.01206137872549,0.0442134672350713,NA,"Down"
"ENSG00000218208.1",1.17219330787746,-3.70254675228945,1.84233691769931,-2.00970122061775,0.0444628207039734,NA,"Down"
"ENSG00000278576.1",2.76625035687374,2.21448261283816,1.10232402105466,2.00892166961892,0.0445454414320212,NA,"Up"
"ENSG00000197332.9",32.338438843755,-1.13210158719694,0.56366519693792,-2.00846458739518,0.0445939455124464,0.999991842068806,"Down"
"ENSG00000272663.1",2.15445068705516,2.45699151824132,1.22387546287994,2.00755027187136,0.044691103419064,NA,"Up"
"ENSG00000188163.8",0.865758151557494,-3.19160157736343,1.59083307540978,-2.00624542366981,0.0448300697067101,NA,"Down"
"ENSG00000259321.1",6.187430985501,1.24147484159654,0.619128492260202,2.00519739782026,0.0449419481693535,NA,"Up"
"ENSG00000104237.11",3.22982157578331,-3.07495521632816,1.53353845285085,-2.00513734142878,0.0449483664132019,NA,"Down"
"ENSG00000257921.6",9.33849338145055,-2.42060393832604,1.20858053010764,-2.0028486956599,0.0451935312654808,NA,"Down"
"ENSG00000287735.1",2.14589401957472,2.46753707243233,1.23392480227266,1.99974671705081,0.0455276208069757,NA,"Up"
"ENSG00000232528.4",1.15185470579834,-3.66529714434642,1.83400319496216,-1.99852276943392,0.0456600139217691,NA,"Down"
"ENSG00000213881.3",2.64718646839425,2.09055896587519,1.0504731228447,1.99011180810978,0.0465786203346245,NA,"Up"
"ENSG00000258884.3",1.89508200859404,-2.85503496040641,1.43646244562445,-1.98754584159372,0.0468619411579538,NA,"Down"
"ENSG00000283345.1",4.22933549711816,-1.71561022236055,0.863728849106726,-1.98628333896088,0.0470018715774075,NA,"Down"
"ENSG00000237188.5",3.88693292186554,4.53035604122854,2.28215770267096,1.98511962426013,0.0471311639277815,NA,"Up"
"ENSG00000289469.2",3.90490657097508,-1.54163938002228,0.779694901492731,-1.97723414257398,0.0480151699636541,NA,"Down"
"ENSG00000129951.19",5.61824608876484,1.95369445655668,0.988866532923494,1.97569074441296,0.048189813839102,NA,"Up"
"ENSG00000242797.3",3.36202840165466,-2.48092473609431,1.25748459964148,-1.97292653667619,0.0485039327483123,NA,"Down"
"ENSG00000220472.1",8.67606491988638,1.02630535713485,0.521630944335587,1.96749324072804,0.0491263744092507,NA,"Up"
"ENSG00000120149.9",3.33307391873609,-2.34420198068495,1.19164351479,-1.96720072034133,0.0491600750196219,NA,"Down"
"ENSG00000279930.1",3.90338938511293,-2.70344908646722,1.3744180478642,-1.96697728952868,0.0491858290434404,NA,"Down"
"ENSG00000267422.2",2.9469263070162,1.80734907334615,0.921066162514074,1.96223588152771,0.0497350282478605,NA,"Up"
"ENSG00000275769.1",0.801386875634434,-3.18365368093614,1.62334798968605,-1.96116525918256,0.0498597480463282,NA,"Down"
"ENSG00000226891.9",1.90519221204605,2.56084952753832,1.30643662665164,1.96017891361613,0.0499748822013335,NA,"Up"
