"","chr","start","end","GENE_ID"
"1","GL000194.1",109637,110178,"ENSG00000277400.1"
"2","GL000219.1",148354,148747,NA
"3","GL000251.2",354625,354682,NA
"4","GL000251.2",2357583,2357842,NA
"5","GL000252.2",4523475,4523523,"ENSG00000226916.8"
"6","GL000253.2",2957567,2957945,"ENSG00000231974.6"
"7","GL000253.2",3495143,3495518,NA
"8","GL000254.2",841463,841491,"ENSG00000206466.10"
"9","GL000254.2",2402447,2402704,"ENSG00000290406.1"
"10","GL000256.2",1044091,1044339,"ENSG00000229698.11"
"11","GL000256.2",1790005,1790216,NA
"12","GL000258.2",131426,131708,"ENSG00000277111.3"
"13","GL383521.1",1606,1642,NA
"14","GL383563.3",73320,73787,NA
"15","GL383577.2",72392,72594,NA
"16","KI270706.1",125377,125628,"ENSG00000293919.1"
"17","KI270762.1",106057,106322,"ENSG00000281197.2"
"18","KI270762.1",129378,129841,NA
"19","KI270772.1",43862,44194,NA
"20","KI270782.1",91505,92000,NA
"21","KI270792.1",128385,128385,"ENSG00000276482.3"
"22","KI270816.1",92497,92924,"ENSG00000278016.2"
"23","KI270817.1",4681,4830,"ENSG00000282681.1"
"24","KI270817.1",136524,136643,NA
"25","KI270825.1",74937,75365,"ENSG00000274429.2"
"26","KI270835.1",18384,18649,"ENSG00000275428.2"
"27","KI270846.1",35539,35804,NA
"28","KI270847.1",87742,88021,"ENSG00000274958.4"
"29","KI270851.1",212350,212501,"ENSG00000280787.3"
"30","KI270854.1",131293,131334,NA
"31","KI270855.1",78504,78746,"ENSG00000278760.4"
"32","KI270857.1",1528660,1529030,"ENSG00000275176.4"
"33","KI270860.1",1373,1789,NA
"34","KI270861.1",17120,17418,"ENSG00000278550.4"
"35","KI270862.1",333225,333490,"ENSG00000274474.3"
"36","KI270897.1",1005717,1006049,"ENSG00000274803.4"
"37","KI270902.1",88144,88500,"ENSG00000277518.4"
"38","KI270903.1",148509,148600,NA
"39","KI270905.1",937599,937645,"ENSG00000282417.2"
"40","KI270905.1",2233738,2234216,NA
"41","KI270905.1",3271047,3271202,"ENSG00000277086.3"
"42","KI270905.1",3396710,3397041,"ENSG00000274965.4"
"43","KI270905.1",5122533,5122587,NA
"44","KI270908.1",763661,764110,"ENSG00000278458.4"
"45","KI270908.1",810531,810650,"ENSG00000278458.4"
"46","KI270926.1",178886,179070,"ENSG00000278220.2"
"47","KI270927.1",135226,135524,NA
"48","KN538364.1",93344,93751,"ENSG00000281766.4"
"49","KQ090028.1",382931,383215,NA
"50","KQ458384.1",74731,75149,NA
"51","KQ759759.2",15466,15731,NA
"52","KV575244.1",594493,594678,"ENSG00000284099.3"
"53","KV766193.1",292134,292411,"ENSG00000284227.3"
"54","KV880768.1",1894611,1894858,NA
"55","KZ208915.1",820734,821026,NA
"56","KZ208915.1",1794079,1794250,"ENSG00000285457.1"
"57","KZ208915.1",2665987,2666493,"ENSG00000292297.1"
"58","KZ208915.1",2761725,2762221,NA
"59","KZ208915.1",4328927,4329200,"ENSG00000292301.1"
"60","KZ208915.1",4565676,4565838,"ENSG00000285022.2"
"61","KZ208915.1",5008813,5009151,"ENSG00000292308.1"
"62","KZ208915.1",6354766,6355031,NA
"63","KZ208916.1",360044,360190,"ENSG00000285479.3"
"64","KZ208920.1",432045,432453,"ENSG00000284818.1"
"65","ML143355.1",41832,42251,NA
"66","ML143358.1",131189,131480,NA
"67","ML143371.1",3461582,3462184,NA
"68","ML143373.1",163149,163410,"ENSG00000288216.2"
"69","ML143373.1",207694,208041,"ENSG00000288353.1"
"70","ML143379.1",6006,6078,NA
"71","MU273331.1",250505,250820,"ENSG00000291999.1"
"72","MU273333.1",1427052,1427375,NA
"73","MU273348.1",435586,435793,"ENSG00000291495.1"
"74","MU273349.1",44345,44602,"ENSG00000292165.1"
"75","MU273362.1",360474,360861,NA
"76","MU273362.1",410957,411178,NA
"77","MU273374.1",452731,452891,"ENSG00000291606.1"
"78","MU273382.1",55276,55288,"ENSG00000291421.1"
"79","MU273383.1",90428,90693,NA
"80","MU273390.1",109935,110255,NA
"81","MU273397.1",217786,217934,"ENSG00000292279.1"
"82","chr1",943361,943615,"ENSG00000187634.14"
"83","chr1",980749,981009,"ENSG00000187642.11"
"84","chr1",1597446,1597808,NA
"85","chr1",1888766,1889057,"ENSG00000078369.20"
"86","chr1",2555937,2555954,"ENSG00000238164.7"
"87","chr1",5933706,5934127,"ENSG00000131697.19"
"88","chr1",6101003,6101218,NA
"89","chr1",6432102,6432324,"ENSG00000187017.18"
"90","chr1",6587906,6588142,"ENSG00000204859.14"
"91","chr1",6795843,6796139,"ENSG00000171735.21"
"92","chr1",7808327,7808625,"ENSG00000049246.16"
"93","chr1",7929646,7929984,"ENSG00000049249.11"
"94","chr1",7989930,7990403,NA
"95","chr1",8018827,8019029,"ENSG00000116285.14"
"96","chr1",9340225,9340629,"ENSG00000171621.15"
"97","chr1",11327732,11327801,"ENSG00000284646.2"
"98","chr1",12567386,12567762,NA
"99","chr1",13659239,13659252,"ENSG00000237445.2"
"100","chr1",13783348,13783822,"ENSG00000116731.23"
"101","chr1",13807023,13807335,"ENSG00000116731.23"
"102","chr1",16004313,16004384,"ENSG00000183888.4"
"103","chr1",17439175,17439445,"ENSG00000179051.15"
"104","chr1",19120772,19120875,"ENSG00000127481.15"
"105","chr1",19273743,19273947,"ENSG00000211454.16"
"106","chr1",19607417,19607752,"ENSG00000173436.16"
"107","chr1",22072485,22072566,"ENSG00000289694.1"
"108","chr1",22625766,22625819,NA
"109","chr1",22917224,22917325,"ENSG00000133216.17"
"110","chr1",23766034,23766051,"ENSG00000236810.9"
"111","chr1",24515674,24515841,"ENSG00000286061.3"
"112","chr1",24763698,24763971,"ENSG00000169504.16"
"113","chr1",29289321,29289323,"ENSG00000060656.21"
"114","chr1",29703558,29703838,NA
"115","chr1",30963227,30963485,"ENSG00000134644.17"
"116","chr1",31600566,31600944,NA
"117","chr1",31772437,31772507,"ENSG00000301119.1"
"118","chr1",31802945,31803050,"ENSG00000134668.14"
"119","chr1",31897552,31897768,"ENSG00000269967.1"
"120","chr1",31923683,31923772,"ENSG00000184007.22"
"121","chr1",31985403,31985863,"ENSG00000284702.1"
"122","chr1",32222205,32222476,"ENSG00000084623.13"
"123","chr1",33235507,33235759,NA
"124","chr1",34833793,34834108,"ENSG00000163866.10"
"125","chr1",35179660,35179892,"ENSG00000116560.12"
"126","chr1",37521988,37522267,"ENSG00000307694.1"
"127","chr1",37809118,37809315,"ENSG00000197982.14"
"128","chr1",39852267,39852636,"ENSG00000043514.17"
"129","chr1",40267755,40268138,"ENSG00000084073.11"
"130","chr1",40786305,40786674,"ENSG00000117013.18"
"131","chr1",42690372,42690999,"ENSG00000065978.20"
"132","chr1",43295443,43296036,NA
"133","chr1",43304246,43304568,"ENSG00000066056.16"
"134","chr1",43318098,43318398,"ENSG00000066056.16"
"135","chr1",43930510,43930815,"ENSG00000284989.1"
"136","chr1",44433256,44433549,"ENSG00000187147.20"
"137","chr1",47562056,47562275,"ENSG00000309980.1"
"138","chr1",47846568,47846779,"ENSG00000269113.5"
"139","chr1",47926850,47927080,"ENSG00000269113.5"
"140","chr1",50329410,50329805,"ENSG00000284696.3"
"141","chr1",50620853,50620972,"ENSG00000185104.22"
"142","chr1",51345065,51345345,NA
"143","chr1",51433650,51433941,"ENSG00000085832.19"
"144","chr1",53091288,53091434,"ENSG00000174348.15"
"145","chr1",53283977,53284253,"ENSG00000157193.19"
"146","chr1",53293174,53293497,"ENSG00000157193.19"
"147","chr1",54604899,54604971,"ENSG00000162390.19"
"148","chr1",55189922,55190111,"ENSG00000162402.16"
"149","chr1",59056502,59056576,"ENSG00000234807.10"
"150","chr1",61279054,61279437,"ENSG00000162599.19"
"151","chr1",63662113,63662368,NA
"152","chr1",65170896,65171166,"ENSG00000162433.16"
"153","chr1",65440672,65440781,"ENSG00000116678.20"
"154","chr1",70840468,70840552,"ENSG00000235782.2"
"155","chr1",77459155,77459255,"ENSG00000154027.19"
"156","chr1",80155493,80155779,NA
"157","chr1",81314688,81314790,"ENSG00000117114.22"
"158","chr1",81369413,81369671,"ENSG00000117114.22"
"159","chr1",84833268,84833593,"ENSG00000171517.7"
"160","chr1",85371059,85371136,"ENSG00000223653.7"
"161","chr1",86846154,86846662,NA
"162","chr1",87150169,87150174,"ENSG00000267561.2"
"163","chr1",89022329,89022609,"ENSG00000307222.1"
"164","chr1",89552856,89553149,"ENSG00000197147.16"
"165","chr1",94124416,94124749,NA
"166","chr1",99603825,99603911,NA
"167","chr1",100299531,100299742,NA
"168","chr1",101003020,101003314,"ENSG00000117543.23"
"169","chr1",107004024,107004401,NA
"170","chr1",110292371,110292481,"ENSG00000227963.3"
"171","chr1",110510225,110510408,"ENSG00000301555.1"
"172","chr1",113530154,113530756,"ENSG00000081026.20"
"173","chr1",115437175,115437501,NA
"174","chr1",118294954,118295302,NA
"175","chr1",119517805,119517942,"ENSG00000293080.2"
"176","chr1",121736848,121737100,NA
"177","chr1",143940536,143940796,NA
"178","chr1",144748691,144749021,"ENSG00000224363.3"
"179","chr1",145431990,145432098,"ENSG00000303361.1"
"180","chr1",145662558,145662822,"ENSG00000117262.20"
"181","chr1",145932840,145933114,"ENSG00000234222.7"
"182","chr1",146028821,146028862,"ENSG00000168509.21"
"183","chr1",146274186,146274613,"ENSG00000276509.2"
"184","chr1",146484363,146484757,"ENSG00000291242.2"
"185","chr1",150073028,150073330,"ENSG00000136631.17"
"186","chr1",150970783,150970996,"ENSG00000143418.21"
"187","chr1",152108069,152108519,"ENSG00000159450.13"
"188","chr1",153843728,153844029,"ENSG00000143614.12"
"189","chr1",153904529,153904672,"ENSG00000143614.12"
"190","chr1",156379681,156379962,"ENSG00000132677.14"
"191","chr1",156428639,156428686,"ENSG00000125462.21"
"192","chr1",161359003,161359268,"ENSG00000143252.18"
"193","chr1",162276373,162276669,"ENSG00000198929.14"
"194","chr1",162612591,162613716,NA
"195","chr1",165161200,165161528,NA
"196","chr1",171595037,171595239,NA
"197","chr1",176829380,176829802,"ENSG00000116183.11"
"198","chr1",178650888,178651108,"ENSG00000273384.2"
"199","chr1",179876225,179876553,"ENSG00000169905.14"
"200","chr1",180912003,180912343,"ENSG00000294697.1"
"201","chr1",182679758,182679924,"ENSG00000135824.13"
"202","chr1",182889756,182890127,NA
"203","chr1",183550757,183551027,"ENSG00000116698.23"
"204","chr1",191823857,191824309,"ENSG00000228215.4"
"205","chr1",193085257,193085530,"ENSG00000116747.14"
"206","chr1",201080147,201080370,"ENSG00000081248.13"
"207","chr1",202200086,202200144,"ENSG00000133067.19"
"208","chr1",202215616,202215642,"ENSG00000133067.19"
"209","chr1",203714236,203714437,"ENSG00000058668.17"
"210","chr1",203812701,203812765,"ENSG00000257315.4"
"211","chr1",205761626,205761656,NA
"212","chr1",206032647,206033235,NA
"213","chr1",206890606,206891176,"ENSG00000307982.1"
"214","chr1",207227021,207227354,"ENSG00000296591.1"
"215","chr1",207937196,207937386,"ENSG00000284237.2"
"216","chr1",212113803,212114036,NA
"217","chr1",213331816,213331980,NA
"218","chr1",213996932,213997241,"ENSG00000117707.18"
"219","chr1",214233869,214234837,"ENSG00000294336.1"
"220","chr1",214419666,214419965,"ENSG00000152104.12"
"221","chr1",217605326,217605345,"ENSG00000092978.12"
"222","chr1",218620981,218621218,NA
"223","chr1",219067061,219067339,"ENSG00000228063.5"
"224","chr1",219837746,219838006,"ENSG00000196660.13"
"225","chr1",224040028,224040317,NA
"226","chr1",224473475,224473743,"ENSG00000143786.9"
"227","chr1",227908623,227908669,NA
"228","chr1",229482105,229482349,"ENSG00000069248.13"
"229","chr1",229614998,229615252,"ENSG00000135801.12"
"230","chr1",231236335,231236424,"ENSG00000143633.14"
"231","chr1",232869022,232869298,"ENSG00000286774.2"
"232","chr1",237205981,237206031,"ENSG00000198626.19"
"233","chr10",3124860,3125175,"ENSG00000067057.20"
"234","chr10",3861674,3862092,NA
"235","chr10",3897161,3897547,NA
"236","chr10",4448317,4448582,"ENSG00000287246.2"
"237","chr10",5958119,5958478,"ENSG00000134470.22"
"238","chr10",7824359,7824545,"ENSG00000165632.9"
"239","chr10",17244597,17245175,NA
"240","chr10",17249860,17250132,NA
"241","chr10",21363070,21363487,"ENSG00000230109.2"
"242","chr10",21507230,21507405,"ENSG00000308054.1"
"243","chr10",24216679,24216938,"ENSG00000120549.20"
"244","chr10",24238445,24238827,"ENSG00000120549.20"
"245","chr10",24814841,24815129,NA
"246","chr10",27893469,27893791,"ENSG00000169126.17"
"247","chr10",29587137,29587857,"ENSG00000197321.17"
"248","chr10",30537455,30537737,"ENSG00000287420.2"
"249","chr10",31064323,31064555,"ENSG00000272381.3"
"250","chr10",34781936,34782152,"ENSG00000148498.18"
"251","chr10",35992396,35992573,"ENSG00000299958.1"
"252","chr10",43056073,43056346,NA
"253","chr10",43384559,43384647,NA
"254","chr10",43384985,43385285,NA
"255","chr10",45711295,45711555,"ENSG00000290460.2"
"256","chr10",46476808,46477074,"ENSG00000285402.2"
"257","chr10",46840906,46841251,NA
"258","chr10",49740627,49740933,"ENSG00000197444.11"
"259","chr10",49741106,49741153,"ENSG00000197444.11"
"260","chr10",50564025,50564410,"ENSG00000198964.15"
"261","chr10",52187606,52187983,"ENSG00000185532.20"
"262","chr10",54801069,54801350,"ENSG00000150275.20"
"263","chr10",59310200,59310371,"ENSG00000148541.14"
"264","chr10",61993760,61994254,"ENSG00000150347.17"
"265","chr10",63773040,63773093,"ENSG00000228566.3"
"266","chr10",63819803,63820106,"ENSG00000228566.3"
"267","chr10",68669318,68669321,"ENSG00000138336.10"
"268","chr10",69994307,69994678,"ENSG00000224222.3"
"269","chr10",70432107,70432244,"ENSG00000156574.10"
"270","chr10",71187628,71187871,NA
"271","chr10",71278668,71279089,"ENSG00000107731.13"
"272","chr10",71999113,71999155,"ENSG00000122863.7"
"273","chr10",72222854,72223416,"ENSG00000166295.10"
"274","chr10",72746991,72747256,"ENSG00000156026.16"
"275","chr10",73663915,73664287,"ENSG00000271848.3"
"276","chr10",74081261,74081495,"ENSG00000035403.19"
"277","chr10",79048345,79048609,"ENSG00000224596.10"
"278","chr10",79209330,79209675,"ENSG00000108175.20"
"279","chr10",80284245,80284318,"ENSG00000151224.14"
"280","chr10",84406467,84406740,"ENSG00000107771.18"
"281","chr10",90195276,90195688,"ENSG00000232229.9"
"282","chr10",91206669,91206945,"ENSG00000180628.16"
"283","chr10",91995771,91995899,"ENSG00000095564.16"
"284","chr10",92873074,92873414,"ENSG00000138190.17"
"285","chr10",93032074,93032150,"ENSG00000138190.17"
"286","chr10",93319939,93320263,"ENSG00000297060.1"
"287","chr10",94006997,94007002,"ENSG00000138193.18"
"288","chr10",94274430,94274931,"ENSG00000138193.18"
"289","chr10",95408397,95408603,"ENSG00000095637.24"
"290","chr10",95605299,95605650,NA
"291","chr10",98249399,98249422,"ENSG00000138131.5"
"292","chr10",101244361,101244703,"ENSG00000227128.6"
"293","chr10",101301541,101301818,"ENSG00000289441.2"
"294","chr10",101566779,101567100,NA
"295","chr10",101995602,101995960,"ENSG00000120029.14"
"296","chr10",103265820,103266050,"ENSG00000076685.20"
"297","chr10",103298838,103298910,NA
"298","chr10",103787242,103787364,"ENSG00000107957.17"
"299","chr10",106386895,106387035,NA
"300","chr10",110746753,110746944,"ENSG00000203867.10"
"301","chr10",112741882,112742356,"ENSG00000151532.16"
"302","chr10",113335593,113335760,"ENSG00000306410.1"
"303","chr10",114255357,114255541,"ENSG00000165816.14"
"304","chr10",114639101,114639335,"ENSG00000099204.23"
"305","chr10",114665889,114666286,"ENSG00000099204.23"
"306","chr10",115814580,115814853,"ENSG00000107518.19"
"307","chr10",116465471,116465630,"ENSG00000203837.5"
"308","chr10",118803925,118803927,"ENSG00000229272.3"
"309","chr10",119899928,119900159,"ENSG00000107651.16"
"310","chr10",120302639,120302907,"ENSG00000303377.1"
"311","chr10",121990303,121990603,"ENSG00000138162.20"
"312","chr10",122404407,122404672,"ENSG00000107679.16"
"313","chr10",123496339,123496474,"ENSG00000230131.7"
"314","chr10",125792894,125792920,"ENSG00000188690.17"
"315","chr10",127012732,127013092,"ENSG00000150760.14"
"316","chr10",127999410,127999730,"ENSG00000132334.18"
"317","chr10",128078484,128078802,"ENSG00000132334.18"
"318","chr10",132238673,132239052,"ENSG00000165752.18"
"319","chr10",133066685,133066830,NA
"320","chr11",435491,435850,"ENSG00000185101.14"
"321","chr11",704853,705256,"ENSG00000177030.20"
"322","chr11",710584,710874,"ENSG00000177106.18"
"323","chr11",1060794,1061149,NA
"324","chr11",1226893,1227029,"ENSG00000117983.17"
"325","chr11",1297905,1298078,"ENSG00000078902.17"
"326","chr11",1459680,1459962,"ENSG00000174672.17"
"327","chr11",1559628,1560054,"ENSG00000184545.12"
"328","chr11",3127351,3127716,"ENSG00000021762.21"
"329","chr11",3411123,3411266,"ENSG00000290960.2"
"330","chr11",8225724,8226095,"ENSG00000166407.15"
"331","chr11",8793335,8793646,"ENSG00000166444.20"
"332","chr11",11476978,11477410,"ENSG00000110328.7"
"333","chr11",11657384,11657821,NA
"334","chr11",12949500,12949742,NA
"335","chr11",13327566,13327938,"ENSG00000133794.21"
"336","chr11",14537282,14537547,"ENSG00000129084.20"
"337","chr11",14584548,14584774,"ENSG00000129084.20"
"338","chr11",15112972,15113303,"ENSG00000188487.13"
"339","chr11",15244455,15244462,"ENSG00000188487.13"
"340","chr11",19800207,19800334,"ENSG00000166833.23"
"341","chr11",23113223,23113376,NA
"342","chr11",23329332,23329676,NA
"343","chr11",36002169,36002578,"ENSG00000179241.14"
"344","chr11",42499038,42499417,NA
"345","chr11",45280360,45280785,"ENSG00000019505.8"
"346","chr11",46719387,46719576,"ENSG00000180210.16"
"347","chr11",57491424,57492053,"ENSG00000149150.10"
"348","chr11",59053419,59053888,"ENSG00000255240.7"
"349","chr11",59862245,59862338,"ENSG00000134827.8"
"350","chr11",61701446,61701700,"ENSG00000134780.11"
"351","chr11",62413339,62413667,"ENSG00000149021.8"
"352","chr11",62514746,62514838,"ENSG00000124942.14"
"353","chr11",62697798,62697962,"ENSG00000168000.17"
"354","chr11",64385625,64386037,"ENSG00000298679.1"
"355","chr11",64553963,64553977,NA
"356","chr11",64554199,64554413,NA
"357","chr11",65412330,65412774,"ENSG00000126391.15"
"358","chr11",65516434,65516667,NA
"359","chr11",66221476,66221861,"ENSG00000175115.13"
"360","chr11",66274713,66274720,"ENSG00000174903.17"
"361","chr11",66553849,66554122,"ENSG00000248746.7"
"362","chr11",67100131,67100710,NA
"363","chr11",67311287,67311542,"ENSG00000172830.14"
"364","chr11",70111975,70112436,"ENSG00000131620.19"
"365","chr11",73360506,73360771,"ENSG00000110237.6"
"366","chr11",73716895,73716942,"ENSG00000175582.21"
"367","chr11",73941860,73942343,"ENSG00000303192.1"
"368","chr11",74808781,74809082,"ENSG00000166439.7"
"369","chr11",77299518,77299833,"ENSG00000178795.10"
"370","chr11",78562194,78562469,"ENSG00000137513.12"
"371","chr11",78646860,78647123,NA
"372","chr11",84390523,84390756,"ENSG00000150672.19"
"373","chr11",96748545,96749143,"ENSG00000256684.2"
"374","chr11",100923575,100923666,"ENSG00000165895.19"
"375","chr11",107999880,108000143,NA
"376","chr11",108806725,108806977,"ENSG00000178105.13"
"377","chr11",109039737,109039931,NA
"378","chr11",110619359,110619437,"ENSG00000137727.13"
"379","chr11",111053347,111053548,NA
"380","chr11",111983356,111983393,"ENSG00000150764.15"
"381","chr11",114159013,114159792,"ENSG00000109906.16"
"382","chr11",116919262,116919535,"ENSG00000160584.18"
"383","chr11",117260366,117260639,"ENSG00000167257.12"
"384","chr11",117443649,117443803,"ENSG00000177103.15"
"385","chr11",118513927,118514195,"ENSG00000118058.26"
"386","chr11",118593444,118593572,"ENSG00000095139.16"
"387","chr11",118921030,118921741,"ENSG00000186174.14"
"388","chr11",119417765,119417793,"ENSG00000245248.11"
"389","chr11",122161693,122161910,"ENSG00000255248.11"
"390","chr11",125978431,125978640,"ENSG00000064309.17"
"391","chr11",128229232,128229640,"ENSG00000301990.1"
"392","chr11",128280044,128280322,"ENSG00000289398.2"
"393","chr11",128754177,128754370,"ENSG00000151702.19"
"394","chr11",128765958,128766253,"ENSG00000151702.19"
"395","chr11",129814861,129815028,NA
"396","chr11",130634581,130635382,"ENSG00000294232.1"
"397","chr11",130666896,130667310,"ENSG00000175728.5"
"398","chr11",130874989,130875285,"ENSG00000120451.11"
"399","chr12",437362,437615,"ENSG00000120647.11"
"400","chr12",576336,576556,"ENSG00000171840.14"
"401","chr12",924072,924290,"ENSG00000002016.19"
"402","chr12",1048265,1048369,"ENSG00000082805.22"
"403","chr12",1054539,1054726,"ENSG00000082805.22"
"404","chr12",1458346,1458461,"ENSG00000082805.22"
"405","chr12",1746242,1746300,"ENSG00000006831.11"
"406","chr12",2539506,2539563,"ENSG00000151067.23"
"407","chr12",3684631,3685047,"ENSG00000130038.11"
"408","chr12",4327270,4327412,"ENSG00000285901.2"
"409","chr12",5441580,5441895,"ENSG00000185652.12"
"410","chr12",6019720,6019740,"ENSG00000110799.15"
"411","chr12",7440028,7440228,"ENSG00000177675.10"
"412","chr12",9737335,9737625,"ENSG00000293488.2"
"413","chr12",10205373,10205731,"ENSG00000304188.1"
"414","chr12",12771379,12771573,"ENSG00000178878.14"
"415","chr12",14731803,14732057,"ENSG00000214772.3"
"416","chr12",18141562,18141755,"ENSG00000111404.7"
"417","chr12",18383232,18383717,"ENSG00000139144.12"
"418","chr12",19531062,19531071,"ENSG00000139154.16"
"419","chr12",19545978,19546345,"ENSG00000139154.16"
"420","chr12",20466029,20466156,"ENSG00000172572.8"
"421","chr12",25322807,25323047,NA
"422","chr12",27015680,27015953,NA
"423","chr12",27468785,27469316,"ENSG00000165935.10"
"424","chr12",27556535,27556570,"ENSG00000110841.15"
"425","chr12",27641178,27641443,"ENSG00000110841.15"
"426","chr12",27748052,27748394,"ENSG00000061794.14"
"427","chr12",31578571,31578778,"ENSG00000170456.17"
"428","chr12",31997875,31998149,NA
"429","chr12",38442640,38442832,NA
"430","chr12",42331581,42331610,"ENSG00000134283.19"
"431","chr12",48671305,48671388,"ENSG00000139620.14"
"432","chr12",48866951,48867211,NA
"433","chr12",48936464,48936761,"ENSG00000272822.2"
"434","chr12",49370118,49370176,"ENSG00000123352.19"
"435","chr12",50125497,50125613,"ENSG00000272368.2"
"436","chr12",51247395,51247970,"ENSG00000183283.17"
"437","chr12",51918098,51918477,"ENSG00000139567.15"
"438","chr12",53465811,53466084,"ENSG00000257379.1"
"439","chr12",53595322,53595586,"ENSG00000267281.3"
"440","chr12",58633570,58633870,"ENSG00000258231.6"
"441","chr12",62346677,62346784,"ENSG00000135655.17"
"442","chr12",64571746,64571888,"ENSG00000153179.16"
"443","chr12",65074656,65074913,"ENSG00000156076.11"
"444","chr12",67671793,67672197,NA
"445","chr12",70948414,70949042,NA
"446","chr12",79524653,79525024,NA
"447","chr12",91866008,91866267,NA
"448","chr12",93392885,93393679,"ENSG00000173598.15"
"449","chr12",94277427,94277688,"ENSG00000136040.9"
"450","chr12",94789827,94790466,"ENSG00000298041.1"
"451","chr12",96720384,96720639,"ENSG00000188596.11"
"452","chr12",98823161,98823405,"ENSG00000185046.21"
"453","chr12",103626528,103626893,"ENSG00000136011.15"
"454","chr12",103667136,103667530,"ENSG00000136011.15"
"455","chr12",104301124,104301440,"ENSG00000198431.18"
"456","chr12",104344104,104344205,"ENSG00000198431.18"
"457","chr12",104504843,104504901,"ENSG00000171310.11"
"458","chr12",104790593,104790862,"ENSG00000309266.1"
"459","chr12",105310479,105310791,"ENSG00000235162.10"
"460","chr12",107581330,107581582,"ENSG00000151136.15"
"461","chr12",110015178,110015431,"ENSG00000076513.18"
"462","chr12",111557397,111557729,"ENSG00000204842.19"
"463","chr12",111643762,111643814,"ENSG00000258099.2"
"464","chr12",111807277,111807514,"ENSG00000111275.14"
"465","chr12",113765098,113765295,"ENSG00000249550.9"
"466","chr12",116295956,116296233,NA
"467","chr12",116434754,116435085,"ENSG00000296503.1"
"468","chr12",120351217,120351305,"ENSG00000135097.8"
"469","chr12",120540562,120540917,"ENSG00000022840.17"
"470","chr12",120904343,120904503,NA
"471","chr12",120904779,120904869,"ENSG00000286493.2"
"472","chr12",121089419,121089721,"ENSG00000308947.1"
"473","chr12",121494249,121494499,"ENSG00000089094.21"
"474","chr12",122793922,122794197,"ENSG00000130783.15"
"475","chr12",123815666,123816264,"ENSG00000197653.17"
"476","chr12",124796650,124796689,"ENSG00000073060.18"
"477","chr12",124888487,124888760,"ENSG00000294609.1"
"478","chr12",131070960,131071395,"ENSG00000111452.14"
"479","chr12",131860442,131860777,"ENSG00000256955.3"
"480","chr12",132535499,132535739,"ENSG00000112787.15"
"481","chr13",19681503,19681730,"ENSG00000121390.20"
"482","chr13",20125523,20125769,"ENSG00000303261.1"
"483","chr13",24694103,24694377,"ENSG00000075673.13"
"484","chr13",26133315,26133648,"ENSG00000233963.2"
"485","chr13",26140281,26140528,"ENSG00000233963.2"
"486","chr13",27840044,27840385,"ENSG00000247381.3"
"487","chr13",29925856,29926082,"ENSG00000224405.2"
"488","chr13",30153005,30153212,"ENSG00000232117.3"
"489","chr13",32731628,32731943,"ENSG00000083642.20"
"490","chr13",32846216,32846292,NA
"491","chr13",33219418,33219588,"ENSG00000133121.22"
"492","chr13",37560854,37560951,NA
"493","chr13",39835645,39835950,NA
"494","chr13",40083962,40084149,"ENSG00000215483.13"
"495","chr13",40495680,40495953,"ENSG00000215483.13"
"496","chr13",41075378,41075727,"ENSG00000120688.10"
"497","chr13",44428569,44428931,NA
"498","chr13",44668703,44668813,"ENSG00000278156.4"
"499","chr13",47679341,47679470,"ENSG00000299661.1"
"500","chr13",49625928,49626192,"ENSG00000306783.1"
"501","chr13",49821708,49821758,"ENSG00000307730.1"
"502","chr13",51726820,51727108,"ENSG00000139668.10"
"503","chr13",51781681,51781736,"ENSG00000285444.1"
"504","chr13",59755685,59756007,"ENSG00000139734.19"
"505","chr13",66831324,66831491,"ENSG00000184226.15"
"506","chr13",72643705,72643769,NA
"507","chr13",73325730,73326177,NA
"508","chr13",73732744,73732889,"ENSG00000118922.20"
"509","chr13",75378325,75378603,"ENSG00000136111.15"
"510","chr13",75725256,75725455,"ENSG00000261553.5"
"511","chr13",75760223,75760724,"ENSG00000261553.5"
"512","chr13",79802801,79802945,"ENSG00000310363.1"
"513","chr13",89891301,89891877,NA
"514","chr13",90415002,90415430,NA
"515","chr13",96090019,96090149,NA
"516","chr13",97567960,97568212,"ENSG00000304344.1"
"517","chr13",98812498,98812571,"ENSG00000088387.23"
"518","chr13",98947886,98948303,"ENSG00000088387.23"
"519","chr13",99617663,99617941,"ENSG00000125246.17"
"520","chr13",99926472,99926789,"ENSG00000286757.5"
"521","chr13",100491170,100491684,"ENSG00000175198.18"
"522","chr13",101661817,101662247,"ENSG00000198542.16"
"523","chr13",106543825,106543876,"ENSG00000134884.16"
"524","chr13",107376745,107377193,"ENSG00000204442.4"
"525","chr13",110509899,110510086,"ENSG00000134871.21"
"526","chr13",113647362,113647890,NA
"527","chr13",114100524,114100814,"ENSG00000185989.12"
"528","chr14",21496481,21496709,"ENSG00000092203.16"
"529","chr14",26671759,26672024,"ENSG00000257842.7"
"530","chr14",32897489,32897894,NA
"531","chr14",36605462,36605489,"ENSG00000283098.3"
"532","chr14",51577817,51577859,"ENSG00000258537.7"
"533","chr14",52691343,52691590,"ENSG00000197930.14"
"534","chr14",53947371,53947580,NA
"535","chr14",54922752,54922914,NA
"536","chr14",55979205,55979608,NA
"537","chr14",59631286,59631523,"ENSG00000139970.19"
"538","chr14",61992185,61992311,"ENSG00000139973.19"
"539","chr14",63436469,63436713,"ENSG00000154001.15"
"540","chr14",67940455,67940776,"ENSG00000182185.19"
"541","chr14",67941201,67941492,"ENSG00000182185.19"
"542","chr14",70955918,70956205,"ENSG00000100731.16"
"543","chr14",73239454,73239883,"ENSG00000100767.18"
"544","chr14",73634265,73634530,NA
"545","chr14",74066121,74066352,"ENSG00000119636.17"
"546","chr14",74344403,74344814,"ENSG00000133980.6"
"547","chr14",74563023,74563423,"ENSG00000119681.13"
"548","chr14",77591019,77591437,"ENSG00000100596.9"
"549","chr14",84706717,84707042,NA
"550","chr14",88579535,88579628,"ENSG00000100722.21"
"551","chr14",90559021,90559250,"ENSG00000165914.16"
"552","chr14",90603428,90603776,"ENSG00000165914.16"
"553","chr14",91473062,91473426,"ENSG00000100796.19"
"554","chr14",93017467,93017772,"ENSG00000100605.18"
"555","chr14",94738869,94738909,NA
"556","chr14",95081505,95081819,NA
"557","chr14",99576487,99576729,"ENSG00000205476.9"
"558","chr14",100685676,100685898,"ENSG00000258717.2"
"559","chr14",104753730,104754012,"ENSG00000184990.14"
"560","chr15",22586031,22586336,"ENSG00000291003.2"
"561","chr15",28229557,28229750,"ENSG00000128731.18"
"562","chr15",28625960,28626043,"ENSG00000291082.2"
"563","chr15",30894251,30894819,"ENSG00000198690.11"
"564","chr15",30956748,30957021,"ENSG00000166912.18"
"565","chr15",31110991,31111229,"ENSG00000134160.17"
"566","chr15",31328880,31329147,"ENSG00000169926.12"
"567","chr15",34515108,34515360,NA
"568","chr15",34621533,34621539,"ENSG00000287973.2"
"569","chr15",34621808,34621957,"ENSG00000287973.2"
"570","chr15",35557442,35557707,"ENSG00000248079.5"
"571","chr15",36737435,36737616,"ENSG00000186073.15"
"572","chr15",39188916,39189236,"ENSG00000259345.8"
"573","chr15",39363059,39363091,"ENSG00000259345.8"
"574","chr15",40430697,40430743,"ENSG00000128928.11"
"575","chr15",40500903,40501308,"ENSG00000259536.6"
"576","chr15",40721753,40722203,"ENSG00000051180.18"
"577","chr15",40866108,40866243,NA
"578","chr15",41218474,41218582,"ENSG00000178997.12"
"579","chr15",41354270,41354502,"ENSG00000285920.2"
"580","chr15",41514989,41515209,NA
"581","chr15",41621189,41621649,"ENSG00000260926.4"
"582","chr15",42216504,42216837,"ENSG00000261002.6"
"583","chr15",44075640,44075761,"ENSG00000171877.21"
"584","chr15",44505484,44505723,"ENSG00000137770.15"
"585","chr15",44595517,44595875,"ENSG00000104133.17"
"586","chr15",44712732,44712841,"ENSG00000166710.24"
"587","chr15",45043956,45044229,"ENSG00000140263.16"
"588","chr15",47517128,47517521,"ENSG00000137872.18"
"589","chr15",50182601,50182930,"ENSG00000140284.12"
"590","chr15",51402947,51403434,"ENSG00000186417.16"
"591","chr15",51776054,51776488,"ENSG00000128872.11"
"592","chr15",51878917,51879375,"ENSG00000138594.15"
"593","chr15",52116619,52117116,"ENSG00000069966.19"
"594","chr15",55278118,55278442,"ENSG00000069974.18"
"595","chr15",57041425,57041698,"ENSG00000140262.19"
"596","chr15",57239688,57240020,"ENSG00000140262.19"
"597","chr15",57458424,57458682,"ENSG00000128849.12"
"598","chr15",57598443,57598735,"ENSG00000263155.8"
"599","chr15",59367197,59367484,"ENSG00000157483.10"
"600","chr15",62135752,62136040,NA
"601","chr15",64027494,64028104,"ENSG00000035664.12"
"602","chr15",64105334,64105637,"ENSG00000028528.16"
"603","chr15",66815376,66815839,NA
"604","chr15",66832637,66833036,NA
"605","chr15",69565302,69565686,"ENSG00000245750.12"
"606","chr15",70151927,70152456,NA
"607","chr15",74007701,74008297,"ENSG00000140464.21"
"608","chr15",74028616,74028942,"ENSG00000140464.21"
"609","chr15",74628553,74628558,"ENSG00000179335.21"
"610","chr15",74642692,74642927,"ENSG00000179335.21"
"611","chr15",74762834,74763057,NA
"612","chr15",75362177,75362404,"ENSG00000140400.19"
"613","chr15",75415212,75415506,"ENSG00000169375.18"
"614","chr15",77335422,77335704,"ENSG00000173517.12"
"615","chr15",80094114,80094542,"ENSG00000086666.21"
"616","chr15",80455621,80455966,"ENSG00000172379.23"
"617","chr15",83305906,83305911,"ENSG00000259986.3"
"618","chr15",83306171,83306253,"ENSG00000259986.3"
"619","chr15",94262971,94263295,"ENSG00000140563.17"
"620","chr15",95752189,95752220,"ENSG00000275016.5"
"621","chr15",97567105,97567486,"ENSG00000251209.12"
"622","chr15",97979242,97979305,"ENSG00000259199.3"
"623","chr15",97995899,97996072,"ENSG00000259199.3"
"624","chr15",98943008,98943231,"ENSG00000140443.15"
"625","chr15",101333948,101334261,"ENSG00000140479.18"
"626","chr15",101349006,101349312,"ENSG00000140479.18"
"627","chr15",101491559,101491837,"ENSG00000140479.18"
"628","chr16",200382,200494,"ENSG00000007392.18"
"629","chr16",458108,458386,"ENSG00000090565.18"
"630","chr16",588215,588420,NA
"631","chr16",1310484,1310766,"ENSG00000103275.23"
"632","chr16",1331769,1332307,NA
"633","chr16",1713224,1713434,"ENSG00000138834.15"
"634","chr16",2085972,2086269,"ENSG00000103197.21"
"635","chr16",2316547,2316852,"ENSG00000167972.15"
"636","chr16",2468781,2469146,NA
"637","chr16",2754125,2754456,"ENSG00000167978.19"
"638","chr16",3627527,3627819,"ENSG00000213918.11"
"639","chr16",10629072,10629305,"ENSG00000153060.8"
"640","chr16",10738143,10739114,"ENSG00000310402.1"
"641","chr16",11311902,11312077,"ENSG00000175643.10"
"642","chr16",15076256,15076471,"ENSG00000179889.22"
"643","chr16",19734614,19734787,"ENSG00000174628.18"
"644","chr16",22035069,22035404,"ENSG00000185716.13"
"645","chr16",23907964,23908034,"ENSG00000166501.15"
"646","chr16",24954212,24954548,"ENSG00000140750.18"
"647","chr16",28572797,28573075,"ENSG00000289754.1"
"648","chr16",30615980,30615993,"ENSG00000260167.2"
"649","chr16",31229651,31230093,"ENSG00000177238.15"
"650","chr16",46659213,46659440,"ENSG00000069329.20"
"651","chr16",48547103,48547375,"ENSG00000295475.1"
"652","chr16",49743211,49743461,"ENSG00000102935.12"
"653","chr16",50309964,50310232,"ENSG00000121281.13"
"654","chr16",50310847,50310920,"ENSG00000121281.13"
"655","chr16",55615103,55615423,NA
"656","chr16",56348932,56349221,"ENSG00000087258.18"
"657","chr16",56915739,56916188,NA
"658","chr16",56947198,56947534,NA
"659","chr16",57687655,57687681,"ENSG00000182885.18"
"660","chr16",58031340,58031540,"ENSG00000102996.6"
"661","chr16",58637815,58638553,NA
"662","chr16",66853690,66853954,"ENSG00000159593.16"
"663","chr16",67456560,67457073,"ENSG00000159720.14"
"664","chr16",68000314,68000784,"ENSG00000167264.19"
"665","chr16",69188126,69188391,"ENSG00000141076.19"
"666","chr16",69301132,69301507,"ENSG00000168807.18"
"667","chr16",69613337,69613676,"ENSG00000102908.24"
"668","chr16",69662840,69663159,"ENSG00000102908.24"
"669","chr16",75788142,75788293,NA
"670","chr16",76370067,76370157,"ENSG00000152910.20"
"671","chr16",76946868,76947181,NA
"672","chr16",77353675,77354229,"ENSG00000140873.16"
"673","chr16",77893964,77894270,"ENSG00000171724.3"
"674","chr16",77919881,77920284,"ENSG00000171724.3"
"675","chr16",81896927,81897301,"ENSG00000197943.14"
"676","chr16",82699601,82700014,"ENSG00000140945.17"
"677","chr16",83029502,83029920,"ENSG00000140945.17"
"678","chr16",84099867,84099956,"ENSG00000140943.18"
"679","chr16",84138765,84139068,"ENSG00000103160.13"
"680","chr16",84184098,84184363,"ENSG00000103168.18"
"681","chr16",84649032,84649634,"ENSG00000135686.14"
"682","chr16",84677244,84677468,NA
"683","chr16",85210982,85211096,"ENSG00000131149.20"
"684","chr16",85361122,85361168,"ENSG00000131149.20"
"685","chr16",85546930,85547409,"ENSG00000131149.20"
"686","chr16",85557609,85558024,"ENSG00000131149.20"
"687","chr16",85624114,85624417,"ENSG00000131149.20"
"688","chr16",85649030,85649207,"ENSG00000131149.20"
"689","chr16",87454712,87454958,"ENSG00000140948.13"
"690","chr16",87571910,87572160,"ENSG00000303998.1"
"691","chr16",87774957,87775465,"ENSG00000302808.1"
"692","chr16",88390688,88390899,"ENSG00000225614.4"
"693","chr16",88604855,88604873,"ENSG00000158545.17"
"694","chr16",89345301,89345671,"ENSG00000167522.18"
"695","chr16",89994946,89995211,"ENSG00000293510.2"
"696","chr17",133428,133661,NA
"697","chr17",1267566,1267839,"ENSG00000300095.1"
"698","chr17",1587067,1587392,"ENSG00000167703.16"
"699","chr17",2822541,2822717,"ENSG00000132359.18"
"700","chr17",3570025,3570298,"ENSG00000196689.14"
"701","chr17",3976577,3976904,NA
"702","chr17",7084450,7084715,NA
"703","chr17",7095818,7095879,NA
"704","chr17",7650628,7650875,"ENSG00000129244.10"
"705","chr17",8394046,8394288,"ENSG00000189051.6"
"706","chr17",10653080,10653352,"ENSG00000272975.3"
"707","chr17",13346117,13346148,NA
"708","chr17",18017605,18018024,"ENSG00000171953.16"
"709","chr17",18070860,18071113,"ENSG00000298337.1"
"710","chr17",18125523,18125697,"ENSG00000091536.20"
"711","chr17",18232362,18232635,"ENSG00000131899.14"
"712","chr17",18768946,18769010,"ENSG00000171931.13"
"713","chr17",19470886,19471115,"ENSG00000235979.10"
"714","chr17",19767786,19768320,NA
"715","chr17",19944233,19944460,"ENSG00000108599.16"
"716","chr17",20320938,20321289,"ENSG00000263494.1"
"717","chr17",29178864,29179283,"ENSG00000196535.21"
"718","chr17",29445912,29446230,"ENSG00000160551.13"
"719","chr17",29706492,29706593,"ENSG00000264031.1"
"720","chr17",29706939,29707204,"ENSG00000141298.19"
"721","chr17",30278127,30278578,"ENSG00000108578.16"
"722","chr17",32101319,32101672,"ENSG00000277511.3"
"723","chr17",32882823,32883070,"ENSG00000236377.2"
"724","chr17",37292788,37292985,"ENSG00000278540.5"
"725","chr17",38357814,38357858,"ENSG00000274211.6"
"726","chr17",38511120,38511181,"ENSG00000275832.5"
"727","chr17",38598846,38599102,"ENSG00000277363.5"
"728","chr17",38844551,38844740,NA
"729","chr17",39351296,39351433,"ENSG00000108306.14"
"730","chr17",41959694,41960004,"ENSG00000204815.11"
"731","chr17",42754493,42754648,"ENSG00000197291.10"
"732","chr17",43002105,43002158,"ENSG00000131469.16"
"733","chr17",43403962,43404208,NA
"734","chr17",45000712,45000966,"ENSG00000136448.14"
"735","chr17",45176428,45176776,NA
"736","chr17",45251816,45252242,"ENSG00000267278.7"
"737","chr17",46764879,46765327,"ENSG00000108379.12"
"738","chr17",47917714,47917987,"ENSG00000234494.9"
"739","chr17",48153927,48154006,"ENSG00000141293.18"
"740","chr17",48625286,48625592,"ENSG00000260027.5"
"741","chr17",48873466,48873693,"ENSG00000293025.2"
"742","chr17",50111246,50111272,"ENSG00000005882.13"
"743","chr17",50183725,50183844,NA
"744","chr17",51015360,51015525,"ENSG00000008294.23"
"745","chr17",51118397,51118797,"ENSG00000008294.23"
"746","chr17",51535924,51536099,NA
"747","chr17",52027716,52027968,"ENSG00000154975.15"
"748","chr17",53897787,53898030,"ENSG00000285939.3"
"749","chr17",55623674,55623822,"ENSG00000289016.2"
"750","chr17",56948077,56948329,"ENSG00000121058.6"
"751","chr17",57612644,57613000,"ENSG00000153944.13"
"752","chr17",59393108,59393347,"ENSG00000175155.11"
"753","chr17",59469856,59470010,"ENSG00000265313.9"
"754","chr17",60610557,60610639,"ENSG00000170836.14"
"755","chr17",62643144,62643497,"ENSG00000011028.14"
"756","chr17",63178379,63178792,"ENSG00000170921.16"
"757","chr17",63762053,63762358,"ENSG00000108588.16"
"758","chr17",63814601,63814861,"ENSG00000198231.15"
"759","chr17",64180178,64180432,"ENSG00000136478.10"
"760","chr17",66496432,66496756,"ENSG00000154229.13"
"761","chr17",67171568,67171838,"ENSG00000198265.13"
"762","chr17",69070880,69071100,NA
"763","chr17",73224721,73225056,"ENSG00000133193.14"
"764","chr17",74513919,74514252,NA
"765","chr17",75557530,75557569,"ENSG00000073350.15"
"766","chr17",76352482,76352847,"ENSG00000161542.18"
"767","chr17",76360270,76360825,"ENSG00000161542.18"
"768","chr17",76532464,76532538,"ENSG00000161544.10"
"769","chr17",76583035,76583229,"ENSG00000163597.18"
"770","chr17",77364000,77364079,"ENSG00000184640.21"
"771","chr17",77622666,77622949,"ENSG00000267506.8"
"772","chr17",77887576,77887929,"ENSG00000204283.5"
"773","chr17",78317526,78317814,"ENSG00000267737.2"
"774","chr17",78745861,78746134,"ENSG00000108669.19"
"775","chr17",78998501,78998796,"ENSG00000171302.18"
"776","chr17",79090584,79090796,"ENSG00000167281.21"
"777","chr17",79152562,79152816,"ENSG00000167281.21"
"778","chr17",79728829,79729103,"ENSG00000306583.1"
"779","chr17",79837408,79837464,"ENSG00000141582.16"
"780","chr17",79951441,79951718,"ENSG00000167291.17"
"781","chr17",80383835,80383992,"ENSG00000173821.20"
"782","chr17",80605687,80605862,"ENSG00000141564.16"
"783","chr17",80901414,80901680,"ENSG00000141564.16"
"784","chr17",81210507,81210685,"ENSG00000141577.15"
"785","chr17",81711590,81711916,"ENSG00000262660.1"
"786","chr17",81943306,81943571,"ENSG00000185105.6"
"787","chr18",1608039,1608288,"ENSG00000266602.3"
"788","chr18",3094309,3094593,"ENSG00000101605.15"
"789","chr18",6371080,6371384,"ENSG00000154655.17"
"790","chr18",6961431,6961740,"ENSG00000101680.17"
"791","chr18",7921450,7921494,"ENSG00000173482.17"
"792","chr18",9984019,9984405,NA
"793","chr18",12354064,12354399,"ENSG00000141385.13"
"794","chr18",12976878,12977143,"ENSG00000085415.17"
"795","chr18",13139931,13140774,NA
"796","chr18",14086577,14086610,"ENSG00000175322.12"
"797","chr18",18493159,18493424,NA
"798","chr18",18547063,18547222,NA
"799","chr18",21820368,21820650,"ENSG00000101752.14"
"800","chr18",22873226,22873570,"ENSG00000266850.2"
"801","chr18",23143467,23143489,"ENSG00000134508.14"
"802","chr18",23458937,23459433,"ENSG00000101782.16"
"803","chr18",23884978,23885236,"ENSG00000053747.17"
"804","chr18",34803289,34803470,"ENSG00000134769.24"
"805","chr18",36974862,36975093,"ENSG00000150477.16"
"806","chr18",37375124,37375260,"ENSG00000101489.21"
"807","chr18",37487012,37487304,"ENSG00000101489.21"
"808","chr18",37529955,37529984,"ENSG00000101489.21"
"809","chr18",41990265,41990489,"ENSG00000078142.15"
"810","chr18",42644642,42645143,"ENSG00000267586.8"
"811","chr18",44597613,44598173,NA
"812","chr18",46601260,46601575,"ENSG00000167210.17"
"813","chr18",47853888,47854161,"ENSG00000175387.17"
"814","chr18",50001770,50001984,"ENSG00000167306.22"
"815","chr18",54828271,54828288,"ENSG00000041353.11"
"816","chr18",55001683,55002192,NA
"817","chr18",55331415,55331707,"ENSG00000196628.21"
"818","chr18",58635961,58636330,NA
"819","chr18",58856798,58857071,NA
"820","chr18",59671501,59671682,"ENSG00000183287.16"
"821","chr18",59841730,59842002,NA
"822","chr18",62530897,62531058,"ENSG00000141664.11"
"823","chr18",62596753,62596987,NA
"824","chr18",63148705,63148953,"ENSG00000171791.14"
"825","chr18",63379034,63379316,"ENSG00000267390.4"
"826","chr18",68847316,68847527,"ENSG00000150636.18"
"827","chr18",74896432,74896793,"ENSG00000215421.11"
"828","chr18",74990810,74991091,"ENSG00000215421.11"
"829","chr18",75878953,75879218,NA
"830","chr18",77095360,77095698,"ENSG00000197971.16"
"831","chr19",1373540,1373834,"ENSG00000160953.18"
"832","chr19",1558206,1558479,"ENSG00000181588.17"
"833","chr19",1837869,1837891,"ENSG00000079313.16"
"834","chr19",2289632,2289888,"ENSG00000273734.1"
"835","chr19",2616690,2617085,"ENSG00000176533.14"
"836","chr19",3360890,3361344,"ENSG00000141905.20"
"837","chr19",3517329,3517516,"ENSG00000105325.16"
"838","chr19",3821982,3821998,"ENSG00000105278.13"
"839","chr19",4067957,4068227,"ENSG00000296810.1"
"840","chr19",5155343,5155487,NA
"841","chr19",5341488,5341690,NA
"842","chr19",5624450,5624539,"ENSG00000160633.14"
"843","chr19",5799460,5799814,NA
"844","chr19",5894453,5894548,"ENSG00000267740.5"
"845","chr19",7618514,7618972,NA
"846","chr19",7928941,7929113,"ENSG00000104980.9"
"847","chr19",8017884,8018133,NA
"848","chr19",9808874,9808992,NA
"849","chr19",10390695,10391035,NA
"850","chr19",14334358,14334821,"ENSG00000266913.2"
"851","chr19",14776878,14777045,"ENSG00000127507.19"
"852","chr19",14784849,14785062,"ENSG00000306835.1"
"853","chr19",15091681,15092112,"ENSG00000094661.3"
"854","chr19",16398707,16399216,"ENSG00000127527.16"
"855","chr19",17475735,17476172,"ENSG00000130304.18"
"856","chr19",18097558,18097813,"ENSG00000096996.16"
"857","chr19",18496454,18496738,"ENSG00000105656.14"
"858","chr19",18980685,18980974,NA
"859","chr19",28465344,28465819,"ENSG00000290606.3"
"860","chr19",28940740,28941051,"ENSG00000267339.9"
"861","chr19",28964506,28964923,"ENSG00000267339.9"
"862","chr19",30030156,30030452,NA
"863","chr19",32809413,32809473,"ENSG00000173809.18"
"864","chr19",33783573,33783913,NA
"865","chr19",34997192,34997891,"ENSG00000089351.16"
"866","chr19",35011888,35012081,"ENSG00000089351.16"
"867","chr19",35704294,35704555,NA
"868","chr19",38713544,38713761,"ENSG00000130402.15"
"869","chr19",38864660,38865045,NA
"870","chr19",38893004,38893186,"ENSG00000068903.22"
"871","chr19",38939705,38939941,"ENSG00000269547.1"
"872","chr19",39082997,39083284,NA
"873","chr19",39335753,39336046,"ENSG00000130755.14"
"874","chr19",40090753,40091095,"ENSG00000197782.16"
"875","chr19",40819726,40819972,"ENSG00000268797.1"
"876","chr19",41376981,41377359,"ENSG00000255730.5"
"877","chr19",42521373,42521490,"ENSG00000213904.12"
"878","chr19",44530101,44530275,NA
"879","chr19",45066825,45067207,"ENSG00000104859.16"
"880","chr19",45117828,45118066,"ENSG00000007047.17"
"881","chr19",46500827,46501208,"ENSG00000291145.2"
"882","chr19",46726967,46727290,"ENSG00000090372.15"
"883","chr19",48487994,48488284,"ENSG00000142235.13"
"884","chr19",48844565,48844829,"ENSG00000105559.14"
"885","chr19",49890887,49891152,"ENSG00000104951.17"
"886","chr2",33638,33911,NA
"887","chr2",1715265,1715465,"ENSG00000130508.12"
"888","chr2",3169320,3169782,"ENSG00000303747.1"
"889","chr2",8794527,8794757,"ENSG00000134313.18"
"890","chr2",9386986,9387396,"ENSG00000151693.12"
"891","chr2",9828393,9828639,NA
"892","chr2",10721980,10722322,"ENSG00000143882.13"
"893","chr2",11292775,11293210,"ENSG00000134318.17"
"894","chr2",11483274,11483534,"ENSG00000196208.15"
"895","chr2",11498569,11498867,"ENSG00000196208.15"
"896","chr2",11539695,11540027,"ENSG00000196208.15"
"897","chr2",15050593,15050715,NA
"898","chr2",16826960,16827233,"ENSG00000304877.1"
"899","chr2",18862030,18862297,NA
"900","chr2",19952434,19952739,"ENSG00000118965.17"
"901","chr2",23791081,23791378,"ENSG00000119778.16"
"902","chr2",24285633,24286123,"ENSG00000198399.17"
"903","chr2",24399494,24399796,"ENSG00000286829.2"
"904","chr2",26532221,26532340,"ENSG00000115155.19"
"905","chr2",26596146,26596168,"ENSG00000157884.11"
"906","chr2",27792792,27793057,"ENSG00000243147.9"
"907","chr2",37720849,37721220,"ENSG00000236213.5"
"908","chr2",38365905,38366192,"ENSG00000119787.15"
"909","chr2",38585844,38586203,"ENSG00000143889.16"
"910","chr2",41932386,41932673,"ENSG00000299964.1"
"911","chr2",44328750,44328781,"ENSG00000138078.17"
"912","chr2",45469494,45470012,"ENSG00000068784.14"
"913","chr2",46308026,46308252,"ENSG00000116016.15"
"914","chr2",46461261,46461654,"ENSG00000187600.15"
"915","chr2",48482482,48482987,"ENSG00000162869.17"
"916","chr2",49286561,49286826,"ENSG00000282890.1"
"917","chr2",53987471,53987752,"ENSG00000170634.13"
"918","chr2",54982977,54983178,"ENSG00000115310.20"
"919","chr2",55026579,55026829,"ENSG00000115310.20"
"920","chr2",55431816,55432046,NA
"921","chr2",55908197,55908502,"ENSG00000115380.21"
"922","chr2",55918079,55918404,"ENSG00000115380.21"
"923","chr2",60697088,60697092,"ENSG00000297680.1"
"924","chr2",61396062,61396082,"ENSG00000115464.15"
"925","chr2",63729335,63729861,"ENSG00000143951.17"
"926","chr2",64019444,64019847,"ENSG00000310049.1"
"927","chr2",64562229,64562247,"ENSG00000119844.18"
"928","chr2",69619877,69620085,"ENSG00000115977.22"
"929","chr2",69635397,69635721,"ENSG00000115977.22"
"930","chr2",69755081,69755304,"ENSG00000196975.17"
"931","chr2",71080291,71080309,NA
"932","chr2",71528798,71529211,"ENSG00000135636.17"
"933","chr2",74560572,74560976,"ENSG00000159374.19"
"934","chr2",87809590,87809798,"ENSG00000185304.17"
"935","chr2",88351069,88351312,NA
"936","chr2",96415786,96416079,NA
"937","chr2",98837023,98837389,"ENSG00000196872.13"
"938","chr2",101140383,101140695,"ENSG00000204634.14"
"939","chr2",101274953,101275456,"ENSG00000163162.10"
"940","chr2",101752484,101753342,"ENSG00000071054.18"
"941","chr2",102178118,102178148,"ENSG00000115594.13"
"942","chr2",105748658,105748846,"ENSG00000071051.15"
"943","chr2",106335524,106335616,NA
"944","chr2",108367541,108368127,"ENSG00000296907.1"
"945","chr2",109700065,109700494,"ENSG00000295804.1"
"946","chr2",111353153,111353311,"ENSG00000172965.18"
"947","chr2",111946622,111946924,"ENSG00000153208.20"
"948","chr2",113501877,113502174,"ENSG00000304550.1"
"949","chr2",117997172,117997434,"ENSG00000125633.12"
"950","chr2",120470127,120470465,NA
"951","chr2",122851059,122851335,"ENSG00000286481.3"
"952","chr2",126749652,126749950,NA
"953","chr2",127423649,127423656,"ENSG00000115718.19"
"954","chr2",127632492,127632786,"ENSG00000169994.21"
"955","chr2",128304884,128305173,"ENSG00000136720.7"
"956","chr2",128531856,128532201,NA
"957","chr2",129979653,129979801,"ENSG00000290615.2"
"958","chr2",130590520,130591186,NA
"959","chr2",131516646,131516919,"ENSG00000152117.19"
"960","chr2",133568383,133568412,"ENSG00000176771.18"
"961","chr2",133862508,133862718,NA
"962","chr2",134181347,134181616,"ENSG00000152127.10"
"963","chr2",143287800,143287988,"ENSG00000075884.15"
"964","chr2",149175143,149175202,"ENSG00000150556.18"
"965","chr2",149422533,149422536,"ENSG00000187123.16"
"966","chr2",149556275,149556795,NA
"967","chr2",149878001,149878257,"ENSG00000231969.5"
"968","chr2",150620308,150620576,"ENSG00000224048.7"
"969","chr2",152486274,152486376,"ENSG00000157827.22"
"970","chr2",152594862,152595135,"ENSG00000157827.22"
"971","chr2",156818217,156818401,"ENSG00000287048.2"
"972","chr2",157771329,157771481,"ENSG00000115170.17"
"973","chr2",158851990,158852424,"ENSG00000163331.12"
"974","chr2",159059492,159059757,"ENSG00000115183.16"
"975","chr2",159098297,159098678,"ENSG00000115183.16"
"976","chr2",159214861,159215024,"ENSG00000115183.16"
"977","chr2",159605671,159605905,"ENSG00000123636.21"
"978","chr2",160076742,160077266,NA
"979","chr2",160918913,160919002,NA
"980","chr2",161206599,161206822,"ENSG00000136560.15"
"981","chr2",162004134,162004171,"ENSG00000197635.12"
"982","chr2",163210755,163210895,NA
"983","chr2",165898052,165898128,"ENSG00000123607.17"
"984","chr2",169965693,169965810,"ENSG00000144357.19"
"985","chr2",172380175,172380573,"ENSG00000091409.18"
"986","chr2",173462921,173463186,NA
"987","chr2",176125218,176125768,"ENSG00000237380.8"
"988","chr2",178309392,178309401,"ENSG00000079156.18"
"989","chr2",186891346,186891660,NA
"990","chr2",187415783,187415998,"ENSG00000224063.7"
"991","chr2",187492105,187492120,"ENSG00000224063.7"
"992","chr2",187516779,187517044,"ENSG00000224063.7"
"993","chr2",187586109,187586374,NA
"994","chr2",189104987,189105153,"ENSG00000204262.15"
"995","chr2",190333864,190334136,"ENSG00000198130.17"
"996","chr2",196372215,196372236,"ENSG00000138411.14"
"997","chr2",197576708,197577071,"ENSG00000162944.12"
"998","chr2",197578459,197578713,"ENSG00000162944.12"
"999","chr2",202339566,202339895,NA
"1000","chr2",202485003,202485249,"ENSG00000204217.16"
"1001","chr2",203400963,203401299,"ENSG00000138443.18"
"1002","chr2",206435876,206436135,NA
"1003","chr2",206806075,206806373,"ENSG00000299634.1"
"1004","chr2",207188701,207189390,"ENSG00000229647.4"
"1005","chr2",207257212,207257560,"ENSG00000223725.7"
"1006","chr2",207498896,207499151,"ENSG00000223725.7"
"1007","chr2",211132827,211132929,NA
"1008","chr2",216584404,216584956,"ENSG00000224391.2"
"1009","chr2",219369403,219369609,NA
"1010","chr2",224381927,224382384,"ENSG00000124019.11"
"1011","chr2",227703908,227704003,"ENSG00000135917.17"
"1012","chr2",229431514,229431759,"ENSG00000187957.9"
"1013","chr2",231421348,231421377,NA
"1014","chr2",232413021,232413305,"ENSG00000237087.2"
"1015","chr2",232523167,232523276,"ENSG00000237412.7"
"1016","chr2",232800389,232800684,"ENSG00000204120.17"
"1017","chr2",233690755,233690833,"ENSG00000242366.4"
"1018","chr2",235168573,235168659,NA
"1019","chr2",236353058,236353401,"ENSG00000233611.5"
"1020","chr2",237888228,237888753,"ENSG00000132329.12"
"1021","chr2",238302159,238302458,NA
"1022","chr2",239280562,239280810,"ENSG00000068024.19"
"1023","chr2",240135603,240135667,"ENSG00000172428.12"
"1024","chr2",240393135,240393395,NA
"1025","chr2",241576527,241576859,NA
"1026","chr20",391747,391996,"ENSG00000101255.14"
"1027","chr20",1374420,1374761,"ENSG00000274322.1"
"1028","chr20",1440362,1440627,NA
"1029","chr20",2658400,2658745,"ENSG00000101365.23"
"1030","chr20",4022735,4022947,NA
"1031","chr20",4262706,4262757,"ENSG00000298420.1"
"1032","chr20",4601766,4601997,NA
"1033","chr20",4830499,4830657,NA
"1034","chr20",4831070,4831314,NA
"1035","chr20",5741255,5741330,NA
"1036","chr20",5779577,5779685,"ENSG00000171984.16"
"1037","chr20",6007002,6007218,"ENSG00000286235.1"
"1038","chr20",8018379,8018486,"ENSG00000125827.10"
"1039","chr20",8043971,8044127,"ENSG00000229766.8"
"1040","chr20",10591994,10592311,"ENSG00000149346.16"
"1041","chr20",10661508,10661864,"ENSG00000101384.13"
"1042","chr20",11807666,11807771,"ENSG00000228422.5"
"1043","chr20",14700735,14700910,"ENSG00000172264.19"
"1044","chr20",15930611,15930695,"ENSG00000172264.19"
"1045","chr20",20491542,20491708,"ENSG00000188559.17"
"1046","chr20",20511455,20511804,"ENSG00000188559.17"
"1047","chr20",26641494,26641659,NA
"1048","chr20",31842549,31842973,NA
"1049","chr20",33259161,33259176,NA
"1050","chr20",33453947,33454119,NA
"1051","chr20",34015996,34016122,"ENSG00000125970.13"
"1052","chr20",34269489,34269825,"ENSG00000250917.1"
"1053","chr20",34415237,34415425,"ENSG00000078747.18"
"1054","chr20",34553579,34553752,"ENSG00000101460.14"
"1055","chr20",35709158,35709224,"ENSG00000131051.25"
"1056","chr20",38610634,38610907,"ENSG00000289012.1"
"1057","chr20",38789325,38789605,NA
"1058","chr20",40471186,40471416,NA
"1059","chr20",40478846,40479067,NA
"1060","chr20",43987956,43987969,"ENSG00000124191.19"
"1061","chr20",48659926,48660199,"ENSG00000124126.15"
"1062","chr20",49381685,49381934,"ENSG00000158445.10"
"1063","chr20",49949580,49949664,"ENSG00000124226.12"
"1064","chr20",50471044,50471356,NA
"1065","chr20",52161019,52161350,"ENSG00000020256.21"
"1066","chr20",52446911,52447253,"ENSG00000234948.3"
"1067","chr20",54646927,54647211,"ENSG00000101134.13"
"1068","chr20",64285905,64286250,"ENSG00000203880.14"
"1069","chr21",5068705,5069018,NA
"1070","chr21",5101577,5102004,NA
"1071","chr21",8022017,8022338,NA
"1072","chr21",8833588,8833958,"ENSG00000279579.4"
"1073","chr21",14306425,14306479,"ENSG00000291052.2"
"1074","chr21",15135173,15135230,"ENSG00000288536.2"
"1075","chr21",16536775,16537126,"ENSG00000215386.16"
"1076","chr21",17442290,17442533,"ENSG00000296104.1"
"1077","chr21",17479649,17480056,NA
"1078","chr21",18833045,18833317,NA
"1079","chr21",29175724,29175733,"ENSG00000156265.18"
"1080","chr21",32349389,32349471,"ENSG00000142207.8"
"1081","chr21",33348771,33349058,"ENSG00000142166.16"
"1082","chr21",33730241,33730384,"ENSG00000249209.2"
"1083","chr21",33861792,33862093,"ENSG00000249209.2"
"1084","chr21",34027989,34028254,"ENSG00000237945.10"
"1085","chr21",36988236,36988553,"ENSG00000159267.18"
"1086","chr21",37445261,37445600,"ENSG00000157540.23"
"1087","chr21",37800103,37800376,"ENSG00000157542.12"
"1088","chr21",41232132,41232395,"ENSG00000182240.17"
"1089","chr21",41265117,41265282,"ENSG00000182240.17"
"1090","chr21",41502217,41502424,"ENSG00000184012.15"
"1091","chr21",42153457,42153579,"ENSG00000304334.1"
"1092","chr21",43880163,43880738,"ENSG00000160216.21"
"1093","chr21",44292378,44292651,"ENSG00000160224.18"
"1094","chr21",44989546,44989811,NA
"1095","chr21",45875363,45875480,"ENSG00000183570.18"
"1096","chr22",13703293,13703566,NA
"1097","chr22",15841821,15841850,"ENSG00000206195.12"
"1098","chr22",16603869,16604121,"ENSG00000290418.2"
"1099","chr22",17578235,17578510,"ENSG00000182902.15"
"1100","chr22",17891408,17891997,"ENSG00000243156.9"
"1101","chr22",18110013,18110271,"ENSG00000288683.1"
"1102","chr22",19535003,19535387,NA
"1103","chr22",19619747,19619791,NA
"1104","chr22",19725154,19725243,NA
"1105","chr22",19955457,19955809,"ENSG00000093010.16"
"1106","chr22",20577673,20578165,"ENSG00000099917.18"
"1107","chr22",22684983,22685248,NA
"1108","chr22",22960390,22960511,NA
"1109","chr22",24325175,24325330,"ENSG00000100014.21"
"1110","chr22",25774596,25774874,"ENSG00000133454.16"
"1111","chr22",28221977,28222230,"ENSG00000100154.15"
"1112","chr22",29217177,29217455,"ENSG00000186998.17"
"1113","chr22",29257763,29258030,"ENSG00000186998.17"
"1114","chr22",29344159,29344691,"ENSG00000100280.18"
"1115","chr22",33515838,33516057,"ENSG00000133424.23"
"1116","chr22",33837860,33838477,"ENSG00000133424.23"
"1117","chr22",35554542,35554737,NA
"1118","chr22",36107881,36107996,NA
"1119","chr22",36433325,36433425,NA
"1120","chr22",37178736,37178985,"ENSG00000235237.2"
"1121","chr22",38087885,38088158,"ENSG00000128298.19"
"1122","chr22",38187320,38187533,"ENSG00000184381.21"
"1123","chr22",38353964,38354139,"ENSG00000283900.1"
"1124","chr22",39349284,39349590,NA
"1125","chr22",39534719,39534779,NA
"1126","chr22",40178810,40179233,"ENSG00000100354.23"
"1127","chr22",40732761,40733048,"ENSG00000302971.1"
"1128","chr22",41123182,41123269,"ENSG00000100393.17"
"1129","chr22",42313932,42314120,"ENSG00000100207.21"
"1130","chr22",43009000,43009078,"ENSG00000100266.20"
"1131","chr22",43228468,43228665,"ENSG00000159307.21"
"1132","chr22",44361061,44361329,NA
"1133","chr22",46421162,46421528,"ENSG00000075275.18"
"1134","chr22",49767427,49767582,NA
"1135","chr22",49895171,49895254,"ENSG00000100426.9"
"1136","chr22",50545643,50545755,"ENSG00000272666.2"
"1137","chr22",50675600,50675832,"ENSG00000251322.12"
"1138","chr3",3183798,3184028,"ENSG00000302363.1"
"1139","chr3",4322682,4323016,"ENSG00000144455.15"
"1140","chr3",5218172,5218193,"ENSG00000134109.11"
"1141","chr3",7565462,7565831,"ENSG00000196277.17"
"1142","chr3",11019130,11019654,"ENSG00000157103.13"
"1143","chr3",12351281,12351565,"ENSG00000132170.25"
"1144","chr3",12413174,12413740,"ENSG00000132170.25"
"1145","chr3",12413903,12414312,"ENSG00000132170.25"
"1146","chr3",12436366,12436488,NA
"1147","chr3",12436650,12436714,NA
"1148","chr3",13002510,13002944,"ENSG00000144711.17"
"1149","chr3",14595558,14595831,"ENSG00000298555.1"
"1150","chr3",14967458,14967617,"ENSG00000177463.17"
"1151","chr3",15250608,15250647,"ENSG00000131375.11"
"1152","chr3",16130309,16130453,"ENSG00000287042.4"
"1153","chr3",29057451,29057533,"ENSG00000283563.1"
"1154","chr3",29291245,29291712,"ENSG00000283563.1"
"1155","chr3",30115225,30115475,NA
"1156","chr3",31067053,31067398,"ENSG00000307279.1"
"1157","chr3",31225798,31226096,"ENSG00000297141.1"
"1158","chr3",32380015,32380568,NA
"1159","chr3",37927774,37928075,"ENSG00000144677.16"
"1160","chr3",38086016,38086189,"ENSG00000008226.21"
"1161","chr3",38523516,38523713,"ENSG00000157036.14"
"1162","chr3",39794621,39795372,NA
"1163","chr3",43411496,43411769,"ENSG00000163788.15"
"1164","chr3",46860358,46860627,"ENSG00000160808.14"
"1165","chr3",47617799,47618003,"ENSG00000173473.12"
"1166","chr3",47718895,47719167,"ENSG00000173473.12"
"1167","chr3",49959348,49959621,"ENSG00000004534.16"
"1168","chr3",50370584,50370904,"ENSG00000007402.13"
"1169","chr3",50377301,50377303,"ENSG00000007402.13"
"1170","chr3",51396257,51396535,"ENSG00000259956.2"
"1171","chr3",51933715,51933737,"ENSG00000114767.8"
"1172","chr3",53250903,53251245,"ENSG00000163931.18"
"1173","chr3",54423793,54424062,"ENSG00000157445.17"
"1174","chr3",57998687,57998944,NA
"1175","chr3",58201476,58201805,"ENSG00000163687.15"
"1176","chr3",64463643,64463795,"ENSG00000299249.1"
"1177","chr3",65584131,65584318,"ENSG00000151276.24"
"1178","chr3",66154134,66154206,"ENSG00000144741.20"
"1179","chr3",79953404,79954096,NA
"1180","chr3",88002981,88003327,NA
"1181","chr3",94612640,94612959,NA
"1182","chr3",96354748,96355042,NA
"1183","chr3",99246196,99246525,"ENSG00000240476.3"
"1184","chr3",99313548,99313843,"ENSG00000240476.3"
"1185","chr3",107588016,107588353,"ENSG00000114439.20"
"1186","chr3",109731905,109732050,"ENSG00000242029.1"
"1187","chr3",112579695,112580085,"ENSG00000138459.10"
"1188","chr3",113718286,113718369,"ENSG00000121579.15"
"1189","chr3",114320327,114320556,"ENSG00000181722.19"
"1190","chr3",120785751,120786029,NA
"1191","chr3",124186218,124186476,"ENSG00000160145.16"
"1192","chr3",124592613,124592958,"ENSG00000160145.16"
"1193","chr3",127848362,127848364,"ENSG00000074416.17"
"1194","chr3",128556915,128557396,NA
"1195","chr3",129052733,129053053,"ENSG00000303956.1"
"1196","chr3",129723780,129724136,"ENSG00000172765.20"
"1197","chr3",132238210,132238299,"ENSG00000196353.14"
"1198","chr3",136963438,136963443,"ENSG00000174564.14"
"1199","chr3",142596176,142596331,"ENSG00000120756.14"
"1200","chr3",149534732,149534905,"ENSG00000018408.16"
"1201","chr3",149765837,149766110,"ENSG00000206199.11"
"1202","chr3",151765904,151765985,"ENSG00000242908.7"
"1203","chr3",152019979,152020248,"ENSG00000297471.1"
"1204","chr3",152241699,152241769,NA
"1205","chr3",152426041,152426057,"ENSG00000152601.19"
"1206","chr3",156044745,156044916,"ENSG00000169282.19"
"1207","chr3",157134560,157134994,"ENSG00000241135.9"
"1208","chr3",157159208,157159474,"ENSG00000241135.9"
"1209","chr3",158776372,158776597,"ENSG00000118855.22"
"1210","chr3",171606272,171606537,"ENSG00000075651.18"
"1211","chr3",172009930,172010048,NA
"1212","chr3",172342304,172342568,"ENSG00000075420.14"
"1213","chr3",179266857,179267146,NA
"1214","chr3",182937978,182938036,NA
"1215","chr3",183062282,183062531,"ENSG00000078070.15"
"1216","chr3",183295350,183295648,"ENSG00000053524.13"
"1217","chr3",183327291,183327735,"ENSG00000053524.13"
"1218","chr3",185813763,185813912,"ENSG00000073792.17"
"1219","chr3",190366140,190366167,"ENSG00000113946.5"
"1220","chr3",192826666,192826936,"ENSG00000180611.7"
"1221","chr3",195072547,195072813,"ENSG00000173950.16"
"1222","chr3",195959515,195959695,"ENSG00000290763.2"
"1223","chr3",196422999,196423334,"ENSG00000163960.14"
"1224","chr3",197088483,197088773,"ENSG00000075711.22"
"1225","chr4",828941,829258,NA
"1226","chr4",1300621,1300785,"ENSG00000090316.17"
"1227","chr4",3293954,3294303,"ENSG00000159788.21"
"1228","chr4",5655446,5655649,"ENSG00000173040.14"
"1229","chr4",7539632,7540013,"ENSG00000184985.17"
"1230","chr4",8021885,8022158,"ENSG00000163995.22"
"1231","chr4",8156701,8157174,"ENSG00000163995.22"
"1232","chr4",9891137,9891401,"ENSG00000109667.13"
"1233","chr4",11507924,11508275,NA
"1234","chr4",20506766,20507006,"ENSG00000145147.21"
"1235","chr4",21512440,21512667,"ENSG00000185774.17"
"1236","chr4",21952634,21953008,"ENSG00000250039.4"
"1237","chr4",24519714,24519972,"ENSG00000109606.14"
"1238","chr4",27009587,27009891,"ENSG00000109689.20"
"1239","chr4",29295418,29295532,NA
"1240","chr4",31086778,31086929,"ENSG00000169851.17"
"1241","chr4",38322810,38323075,"ENSG00000248227.2"
"1242","chr4",39324514,39324807,"ENSG00000035928.18"
"1243","chr4",39614780,39615059,"ENSG00000163683.13"
"1244","chr4",52026001,52026405,"ENSG00000163069.14"
"1245","chr4",52864659,52864996,"ENSG00000293643.1"
"1246","chr4",52913597,52914108,"ENSG00000184178.18"
"1247","chr4",53050431,53050479,"ENSG00000184178.18"
"1248","chr4",53654559,53654824,"ENSG00000282278.1"
"1249","chr4",54904724,54904890,NA
"1250","chr4",56048828,56049074,NA
"1251","chr4",68256497,68256717,NA
"1252","chr4",68324874,68325318,"ENSG00000083896.14"
"1253","chr4",71602696,71602970,NA
"1254","chr4",74166704,74167083,"ENSG00000163738.20"
"1255","chr4",80831943,80832208,"ENSG00000197826.13"
"1256","chr4",81814933,81815079,"ENSG00000138670.20"
"1257","chr4",85748694,85748931,"ENSG00000138639.18"
"1258","chr4",89298715,89298984,"ENSG00000185477.7"
"1259","chr4",97531535,97531800,"ENSG00000163116.10"
"1260","chr4",100895875,100896132,NA
"1261","chr4",101419338,101419623,"ENSG00000153064.12"
"1262","chr4",104398218,104398605,"ENSG00000251170.7"
"1263","chr4",105996915,105997188,"ENSG00000168743.14"
"1264","chr4",106444702,106444975,"ENSG00000249613.2"
"1265","chr4",113316914,113317288,"ENSG00000145362.22"
"1266","chr4",114598386,114598496,"ENSG00000297145.1"
"1267","chr4",116015803,116016062,"ENSG00000293005.2"
"1268","chr4",117134411,117134676,NA
"1269","chr4",119280906,119281253,"ENSG00000145390.13"
"1270","chr4",121726700,121727200,"ENSG00000299882.1"
"1271","chr4",123811433,123811698,"ENSG00000249464.8"
"1272","chr4",125344780,125345286,"ENSG00000196159.14"
"1273","chr4",125410406,125410703,"ENSG00000196159.14"
"1274","chr4",133266505,133266748,NA
"1275","chr4",138399070,138399413,"ENSG00000251372.9"
"1276","chr4",140717526,140717808,"ENSG00000109436.9"
"1277","chr4",145299003,145299390,NA
"1278","chr4",146368977,146369179,"ENSG00000120519.17"
"1279","chr4",150252278,150252559,"ENSG00000170390.17"
"1280","chr4",150583229,150583503,"ENSG00000198589.16"
"1281","chr4",154364508,154364903,"ENSG00000197410.14"
"1282","chr4",154497834,154498221,"ENSG00000308425.1"
"1283","chr4",158018288,158018524,"ENSG00000287226.2"
"1284","chr4",163142533,163142808,"ENSG00000145414.10"
"1285","chr4",165229835,165230106,"ENSG00000109466.15"
"1286","chr4",165994857,165995034,"ENSG00000038295.8"
"1287","chr4",183172036,183172108,"ENSG00000151718.17"
"1288","chr4",186227381,186227668,"ENSG00000290316.1"
"1289","chr4",188918476,188918603,NA
"1290","chr4",188976825,188977347,"ENSG00000297289.1"
"1291","chr5",1185654,1186296,"ENSG00000302790.1"
"1292","chr5",7850995,7851344,"ENSG00000215217.8"
"1293","chr5",9544462,9544878,"ENSG00000112902.13"
"1294","chr5",10503290,10503768,"ENSG00000145491.13"
"1295","chr5",14901665,14901834,NA
"1296","chr5",15510001,15510179,"ENSG00000183580.10"
"1297","chr5",16499015,16499278,"ENSG00000154153.15"
"1298","chr5",16699907,16700283,"ENSG00000145555.15"
"1299","chr5",16713346,16713596,"ENSG00000145555.15"
"1300","chr5",33244870,33245290,"ENSG00000250697.3"
"1301","chr5",34736902,34737054,"ENSG00000039560.15"
"1302","chr5",37704183,37704585,"ENSG00000082068.10"
"1303","chr5",37888453,37888718,"ENSG00000248587.9"
"1304","chr5",38540526,38540753,"ENSG00000113594.11"
"1305","chr5",39370603,39370768,"ENSG00000113600.13"
"1306","chr5",40108765,40109190,NA
"1307","chr5",40521511,40521893,"ENSG00000113638.15"
"1308","chr5",40606042,40606746,"ENSG00000113638.15"
"1309","chr5",41789107,41789462,"ENSG00000083720.14"
"1310","chr5",52822350,52822728,"ENSG00000213949.10"
"1311","chr5",54091355,54092134,"ENSG00000185305.12"
"1312","chr5",54420543,54420816,NA
"1313","chr5",54529777,54529943,"ENSG00000178996.15"
"1314","chr5",55223989,55224248,"ENSG00000234602.9"
"1315","chr5",55510147,55510342,"ENSG00000067113.18"
"1316","chr5",55980383,55980648,"ENSG00000134352.22"
"1317","chr5",56097193,56097275,"ENSG00000249236.3"
"1318","chr5",57451049,57452080,"ENSG00000250961.3"
"1319","chr5",59066605,59066836,"ENSG00000113448.21"
"1320","chr5",59219004,59219278,"ENSG00000113448.21"
"1321","chr5",65867848,65868115,"ENSG00000123213.24"
"1322","chr5",66084188,66084372,NA
"1323","chr5",66881669,66882144,"ENSG00000069020.19"
"1324","chr5",74408239,74408420,"ENSG00000248673.3"
"1325","chr5",74954613,74954972,"ENSG00000249856.1"
"1326","chr5",75608978,75609115,"ENSG00000122008.17"
"1327","chr5",75681233,75681633,"ENSG00000189045.16"
"1328","chr5",80671651,80672280,"ENSG00000113318.12"
"1329","chr5",80798719,80798846,"ENSG00000113318.12"
"1330","chr5",81425577,81425847,"ENSG00000145687.18"
"1331","chr5",88713407,88713452,"ENSG00000245864.6"
"1332","chr5",90878175,90878440,"ENSG00000164199.18"
"1333","chr5",91366684,91366747,NA
"1334","chr5",91370929,91371193,"ENSG00000113369.9"
"1335","chr5",92927599,92927809,"ENSG00000248528.2"
"1336","chr5",93894750,93895036,"ENSG00000113391.20"
"1337","chr5",94875462,94875706,"ENSG00000175471.20"
"1338","chr5",96936780,96937040,"ENSG00000113441.17"
"1339","chr5",98786399,98786590,"ENSG00000174136.14"
"1340","chr5",98906163,98906331,"ENSG00000153922.13"
"1341","chr5",111134160,111134435,NA
"1342","chr5",112931631,112931829,"ENSG00000302916.1"
"1343","chr5",116281395,116281668,"ENSG00000145781.10"
"1344","chr5",121949889,121950164,NA
"1345","chr5",124995452,124995786,"ENSG00000260192.4"
"1346","chr5",126723863,126723992,NA
"1347","chr5",131745836,131745884,"ENSG00000273217.1"
"1348","chr5",131974407,131974615,"ENSG00000281938.2"
"1349","chr5",133105784,133105991,"ENSG00000170606.17"
"1350","chr5",134524986,134525352,"ENSG00000302418.1"
"1351","chr5",135329679,135329868,"ENSG00000224186.8"
"1352","chr5",136001111,136001247,"ENSG00000295093.1"
"1353","chr5",137996076,137996355,"ENSG00000031003.12"
"1354","chr5",140467891,140468485,"ENSG00000131503.22"
"1355","chr5",141747414,141747517,"ENSG00000286736.2"
"1356","chr5",142938220,142938499,"ENSG00000145819.18"
"1357","chr5",143481987,143482337,NA
"1358","chr5",143496080,143496261,"ENSG00000249429.1"
"1359","chr5",144196414,144196768,"ENSG00000183775.11"
"1360","chr5",145554400,145554673,"ENSG00000186314.13"
"1361","chr5",146138013,146138582,"ENSG00000133706.21"
"1362","chr5",146291733,146291817,"ENSG00000275740.1"
"1363","chr5",147671494,147671767,"ENSG00000280780.5"
"1364","chr5",150169056,150169397,"ENSG00000113722.18"
"1365","chr5",151820818,151821185,NA
"1366","chr5",153480441,153480868,NA
"1367","chr5",164188585,164188734,"ENSG00000253331.1"
"1368","chr5",165457784,165458117,"ENSG00000253693.2"
"1369","chr5",170509153,170509377,"ENSG00000182132.15"
"1370","chr5",170581305,170581544,"ENSG00000182132.15"
"1371","chr5",171874364,171874559,"ENSG00000072803.19"
"1372","chr5",172375580,172375741,"ENSG00000174705.14"
"1373","chr5",173860137,173860406,"ENSG00000287003.2"
"1374","chr5",176402874,176402951,"ENSG00000175416.17"
"1375","chr5",177578199,177578850,NA
"1376","chr5",177846065,177846450,"ENSG00000291113.3"
"1377","chr5",180049431,180049463,"ENSG00000113269.15"
"1378","chr5",180213413,180213625,NA
"1379","chr6",3663141,3663416,"ENSG00000228793.4"
"1380","chr6",4258914,4259212,"ENSG00000234817.3"
"1381","chr6",5121318,5121606,"ENSG00000214113.12"
"1382","chr6",5763390,5763761,"ENSG00000145982.14"
"1383","chr6",5984508,5984789,"ENSG00000300014.1"
"1384","chr6",7112774,7113168,"ENSG00000124782.22"
"1385","chr6",7640990,7641165,NA
"1386","chr6",10147153,10147190,"ENSG00000293385.1"
"1387","chr6",10415092,10415165,"ENSG00000137203.15"
"1388","chr6",12436631,12437000,NA
"1389","chr6",13848815,13849213,NA
"1390","chr6",14639090,14639341,"ENSG00000234261.7"
"1391","chr6",15385011,15385195,"ENSG00000008083.15"
"1392","chr6",16512419,16512597,"ENSG00000124788.19"
"1393","chr6",24645694,24645865,"ENSG00000137261.16"
"1394","chr6",24653016,24653283,"ENSG00000111802.15"
"1395","chr6",31795163,31795361,"ENSG00000204394.14"
"1396","chr6",32969872,32970473,"ENSG00000204256.16"
"1397","chr6",34673406,34673558,"ENSG00000196821.11"
"1398","chr6",35011707,35011714,"ENSG00000064999.17"
"1399","chr6",35857804,35858054,"ENSG00000096063.17"
"1400","chr6",36605931,36606250,NA
"1401","chr6",36771509,36771663,"ENSG00000124772.12"
"1402","chr6",36955929,36956277,"ENSG00000164530.16"
"1403","chr6",39472363,39472467,"ENSG00000164627.18"
"1404","chr6",40599646,40599901,NA
"1405","chr6",43002089,43002275,"ENSG00000112640.17"
"1406","chr6",43505757,43505816,"ENSG00000137221.15"
"1407","chr6",43521997,43522637,"ENSG00000171453.21"
"1408","chr6",46419629,46419685,"ENSG00000172348.16"
"1409","chr6",46684800,46685089,"ENSG00000242973.7"
"1410","chr6",52562996,52563286,"ENSG00000065308.6"
"1411","chr6",53829546,53829993,"ENSG00000137269.16"
"1412","chr6",54120652,54121002,"ENSG00000146147.16"
"1413","chr6",56300176,56300420,"ENSG00000124749.18"
"1414","chr6",63519268,63519475,"ENSG00000289911.2"
"1415","chr6",73455936,73456308,"ENSG00000164430.18"
"1416","chr6",74190214,74190626,"ENSG00000223786.1"
"1417","chr6",74258776,74259036,"ENSG00000223786.1"
"1418","chr6",77354759,77355102,"ENSG00000302932.1"
"1419","chr6",79385968,79386000,NA
"1420","chr6",79461232,79461506,"ENSG00000231533.3"
"1421","chr6",79711550,79711665,NA
"1422","chr6",80804176,80804354,NA
"1423","chr6",82881931,82882206,"ENSG00000298976.1"
"1424","chr6",85629172,85629306,"ENSG00000271793.2"
"1425","chr6",87551796,87551847,"ENSG00000146282.20"
"1426","chr6",100382923,100383204,NA
"1427","chr6",106377075,106377389,"ENSG00000112297.18"
"1428","chr6",106525095,106525405,"ENSG00000112297.18"
"1429","chr6",107056502,107056767,NA
"1430","chr6",108204646,108204818,NA
"1431","chr6",112133174,112133316,"ENSG00000112769.21"
"1432","chr6",112142720,112142979,"ENSG00000112769.21"
"1433","chr6",113434779,113435106,"ENSG00000232316.3"
"1434","chr6",113654504,113654769,"ENSG00000302660.1"
"1435","chr6",118261596,118261787,"ENSG00000196376.11"
"1436","chr6",129318295,129318757,"ENSG00000196569.14"
"1437","chr6",129352072,129352349,"ENSG00000196569.14"
"1438","chr6",129517062,129517408,"ENSG00000226149.7"
"1439","chr6",132887302,132887370,"ENSG00000302577.1"
"1440","chr6",133939838,133940230,"ENSG00000227954.8"
"1441","chr6",133944484,133944731,"ENSG00000227954.8"
"1442","chr6",134519872,134520026,"ENSG00000231971.7"
"1443","chr6",134520354,134520733,"ENSG00000231971.7"
"1444","chr6",135145085,135145307,NA
"1445","chr6",136600943,136601268,"ENSG00000197442.12"
"1446","chr6",136974023,136974212,"ENSG00000230350.1"
"1447","chr6",137271711,137271955,NA
"1448","chr6",138637093,138637178,"ENSG00000135540.13"
"1449","chr6",138921034,138921348,"ENSG00000135597.20"
"1450","chr6",142474509,142474801,NA
"1451","chr6",142735215,142735501,NA
"1452","chr6",143582202,143582348,"ENSG00000112419.16"
"1453","chr6",144148913,144149196,NA
"1454","chr6",144318199,144318256,"ENSG00000152818.20"
"1455","chr6",145267038,145267482,"ENSG00000305340.1"
"1456","chr6",146052788,146053089,"ENSG00000152822.15"
"1457","chr6",148200909,148200977,NA
"1458","chr6",154127662,154127935,"ENSG00000112038.18"
"1459","chr6",156598946,156599187,NA
"1460","chr6",157068691,157069021,"ENSG00000049618.26"
"1461","chr6",157070447,157070971,"ENSG00000049618.26"
"1462","chr6",157954480,157954770,NA
"1463","chr6",158300381,158300839,"ENSG00000130338.13"
"1464","chr6",158321911,158322290,"ENSG00000130338.13"
"1465","chr6",163141177,163141231,"ENSG00000112530.13"
"1466","chr6",163368161,163368393,"ENSG00000306246.1"
"1467","chr6",165630764,165630796,"ENSG00000112541.19"
"1468","chr6",166032878,166033184,NA
"1469","chr6",166330754,166331070,"ENSG00000198818.11"
"1470","chr6",166499397,166499444,"ENSG00000071242.14"
"1471","chr6",166705120,166705436,"ENSG00000071242.14"
"1472","chr6",168155135,168155291,NA
"1473","chr6",169586767,169587214,"ENSG00000285733.1"
"1474","chr6",170266111,170266596,NA
"1475","chr7",345557,345775,"ENSG00000298696.1"
"1476","chr7",346091,346116,"ENSG00000298696.1"
"1477","chr7",936819,937014,"ENSG00000105963.16"
"1478","chr7",1202245,1202535,NA
"1479","chr7",1418451,1418543,NA
"1480","chr7",1468047,1468048,NA
"1481","chr7",2335195,2335392,"ENSG00000106266.12"
"1482","chr7",2565076,2565527,"ENSG00000106012.20"
"1483","chr7",4666032,4666297,"ENSG00000286874.2"
"1484","chr7",4952312,4952597,"ENSG00000136297.17"
"1485","chr7",5255723,5255766,NA
"1486","chr7",11343860,11344092,"ENSG00000230333.7"
"1487","chr7",11427744,11428265,"ENSG00000230333.7"
"1488","chr7",11753450,11753715,"ENSG00000005108.17"
"1489","chr7",12680336,12680888,"ENSG00000298048.1"
"1490","chr7",13024929,13025094,"ENSG00000229618.4"
"1491","chr7",13524900,13525197,"ENSG00000229618.4"
"1492","chr7",18541168,18541806,"ENSG00000048052.26"
"1493","chr7",19121818,19122266,NA
"1494","chr7",20352941,20353281,"ENSG00000105855.11"
"1495","chr7",22094640,22094831,NA
"1496","chr7",23554277,23554335,"ENSG00000294729.1"
"1497","chr7",24701833,24701919,"ENSG00000105928.17"
"1498","chr7",24904861,24905154,"ENSG00000070882.14"
"1499","chr7",25496625,25496985,"ENSG00000285960.1"
"1500","chr7",26653770,26654342,"ENSG00000286507.2"
"1501","chr7",28606460,28606597,"ENSG00000146592.18"
"1502","chr7",29075605,29075974,"ENSG00000106066.16"
"1503","chr7",29754969,29755378,NA
"1504","chr7",30441884,30442141,"ENSG00000106100.12"
"1505","chr7",35993662,35993940,"ENSG00000287893.2"
"1506","chr7",37216639,37216703,"ENSG00000155849.17"
"1507","chr7",39816437,39816798,NA
"1508","chr7",44064170,44064435,"ENSG00000136279.22"
"1509","chr7",44066726,44067070,"ENSG00000136279.22"
"1510","chr7",44131152,44131186,NA
"1511","chr7",44805006,44805113,"ENSG00000196262.16"
"1512","chr7",47610886,47610983,"ENSG00000308488.1"
"1513","chr7",48250837,48251022,"ENSG00000179869.15"
"1514","chr7",58520374,58520601,NA
"1515","chr7",65722540,65722823,"ENSG00000290926.2"
"1516","chr7",66894621,66895013,"ENSG00000289177.3"
"1517","chr7",74617422,74617864,"ENSG00000232729.9"
"1518","chr7",75334520,75334770,NA
"1519","chr7",76341615,76342039,"ENSG00000170027.7"
"1520","chr7",76550130,76550259,"ENSG00000290873.2"
"1521","chr7",78561989,78562299,"ENSG00000187391.23"
"1522","chr7",80380735,80381118,"ENSG00000232667.13"
"1523","chr7",83964213,83964394,"ENSG00000075213.12"
"1524","chr7",84191990,84192250,"ENSG00000075213.12"
"1525","chr7",88710001,88710219,"ENSG00000233420.2"
"1526","chr7",94692132,94692221,NA
"1527","chr7",99279187,99279460,"ENSG00000284523.3"
"1528","chr7",100753969,100754242,"ENSG00000146839.19"
"1529","chr7",101535279,101535707,"ENSG00000160963.15"
"1530","chr7",102540812,102541306,"ENSG00000168255.20"
"1531","chr7",102565751,102566008,"ENSG00000168255.20"
"1532","chr7",103009825,103010113,"ENSG00000161040.20"
"1533","chr7",103711558,103711823,"ENSG00000189056.15"
"1534","chr7",103940757,103941070,"ENSG00000189056.15"
"1535","chr7",104142290,104142501,"ENSG00000164815.12"
"1536","chr7",106104924,106105525,"ENSG00000008282.11"
"1537","chr7",106128324,106128634,NA
"1538","chr7",106643261,106643695,"ENSG00000243797.7"
"1539","chr7",108066265,108066594,"ENSG00000091128.13"
"1540","chr7",110971962,110972204,"ENSG00000184903.10"
"1541","chr7",114081718,114081982,NA
"1542","chr7",115002732,115002998,"ENSG00000135272.14"
"1543","chr7",115013863,115013959,"ENSG00000135272.14"
"1544","chr7",115676333,115676426,"ENSG00000300422.1"
"1545","chr7",116123045,116123342,"ENSG00000105967.17"
"1546","chr7",117197933,117198274,"ENSG00000004866.23"
"1547","chr7",119709138,119709224,"ENSG00000225546.7"
"1548","chr7",126493843,126494003,"ENSG00000179603.19"
"1549","chr7",127810874,127810973,"ENSG00000197157.12"
"1550","chr7",127937369,127937660,"ENSG00000197157.12"
"1551","chr7",128602036,128602122,"ENSG00000242588.8"
"1552","chr7",128770598,128770840,"ENSG00000128595.18"
"1553","chr7",129518010,129518305,NA
"1554","chr7",129796683,129797047,NA
"1555","chr7",130051107,130051462,NA
"1556","chr7",130486839,130487104,"ENSG00000272701.3"
"1557","chr7",132579590,132579628,"ENSG00000221866.11"
"1558","chr7",134016703,134016806,"ENSG00000131558.17"
"1559","chr7",134943799,134944130,"ENSG00000286458.2"
"1560","chr7",136057157,136057358,"ENSG00000232053.8"
"1561","chr7",136133870,136134283,"ENSG00000232053.8"
"1562","chr7",137873240,137873588,NA
"1563","chr7",139620885,139621194,"ENSG00000064393.17"
"1564","chr7",139783355,139783567,"ENSG00000059377.20"
"1565","chr7",148535402,148535822,"ENSG00000287636.4"
"1566","chr7",149252373,149252712,"ENSG00000170260.10"
"1567","chr7",149799608,149799737,"ENSG00000197558.14"
"1568","chr7",150340183,150340546,"ENSG00000301866.3"
"1569","chr7",150603625,150603922,"ENSG00000271568.1"
"1570","chr7",152760690,152760922,"ENSG00000133627.19"
"1571","chr7",156615711,156616003,"ENSG00000182648.16"
"1572","chr7",157363921,157364403,"ENSG00000105993.16"
"1573","chr7",159031004,159031075,"ENSG00000106018.15"
"1574","chr7",159031240,159031277,"ENSG00000106018.15"
"1575","chr8",426208,426360,"ENSG00000147364.18"
"1576","chr8",1672613,1672907,"ENSG00000198010.13"
"1577","chr8",1766233,1766431,"ENSG00000182372.11"
"1578","chr8",8243316,8243635,"ENSG00000253893.3"
"1579","chr8",8701479,8701747,"ENSG00000254367.6"
"1580","chr8",10724574,10724630,"ENSG00000171056.8"
"1581","chr8",11177781,11178076,"ENSG00000171044.11"
"1582","chr8",13159176,13159377,"ENSG00000164741.16"
"1583","chr8",17255934,17256125,"ENSG00000155975.11"
"1584","chr8",18795420,18795636,"ENSG00000156011.19"
"1585","chr8",20111286,20111291,"ENSG00000253775.3"
"1586","chr8",22792190,22792480,"ENSG00000253125.1"
"1587","chr8",25515003,25515355,NA
"1588","chr8",25634830,25635095,"ENSG00000253100.3"
"1589","chr8",26046549,26046819,"ENSG00000303292.1"
"1590","chr8",26560326,26560591,"ENSG00000092964.18"
"1591","chr8",28778942,28779234,"ENSG00000104299.16"
"1592","chr8",30113063,30113644,"ENSG00000104660.19"
"1593","chr8",33545779,33546052,NA
"1594","chr8",37883188,37883197,"ENSG00000156675.17"
"1595","chr8",37891897,37892278,"ENSG00000156675.17"
"1596","chr8",37916194,37916666,NA
"1597","chr8",39924458,39925070,"ENSG00000131203.13"
"1598","chr8",42265719,42265848,"ENSG00000253408.7"
"1599","chr8",42267763,42267838,"ENSG00000253408.7"
"1600","chr8",42697974,42698263,"ENSG00000147432.7"
"1601","chr8",47697788,47698005,"ENSG00000164808.18"
"1602","chr8",51677337,51677430,"ENSG00000147485.14"
"1603","chr8",55860942,55861341,NA
"1604","chr8",58451472,58451782,"ENSG00000215114.11"
"1605","chr8",69702490,69702735,"ENSG00000137571.12"
"1606","chr8",72945497,72945850,NA
"1607","chr8",72992671,72993041,NA
"1608","chr8",72993186,72993244,NA
"1609","chr8",73870839,73871165,"ENSG00000258677.2"
"1610","chr8",77309388,77309576,NA
"1611","chr8",79433807,79434095,NA
"1612","chr8",79830045,79830341,"ENSG00000249328.4"
"1613","chr8",79857809,79857983,"ENSG00000249328.4"
"1614","chr8",81333103,81333382,"ENSG00000294051.1"
"1615","chr8",81476256,81478793,"ENSG00000253374.6"
"1616","chr8",81480624,81480787,"ENSG00000253374.6"
"1617","chr8",93068320,93068716,NA
"1618","chr8",94998336,94998432,"ENSG00000156170.15"
"1619","chr8",95653852,95653993,"ENSG00000253773.7"
"1620","chr8",96858963,96859241,"ENSG00000104324.17"
"1621","chr8",98015449,98015737,"ENSG00000132561.15"
"1622","chr8",98345570,98345732,NA
"1623","chr8",101392315,101392734,"ENSG00000253644.3"
"1624","chr8",102383212,102383424,"ENSG00000104517.14"
"1625","chr8",105427521,105428098,"ENSG00000169946.15"
"1626","chr8",105579556,105579690,"ENSG00000169946.15"
"1627","chr8",117602665,117602928,NA
"1628","chr8",121485212,121485266,"ENSG00000302156.1"
"1629","chr8",125590304,125590536,"ENSG00000302425.1"
"1630","chr8",127887085,127887376,"ENSG00000249859.15"
"1631","chr8",129185684,129185876,"ENSG00000229140.13"
"1632","chr8",133257841,133258106,"ENSG00000104419.17"
"1633","chr8",134731773,134732076,"ENSG00000289405.3"
"1634","chr8",138938938,138939083,"ENSG00000309934.1"
"1635","chr8",138939321,138939347,"ENSG00000309934.1"
"1636","chr8",141307306,141307327,"ENSG00000022567.11"
"1637","chr8",142798884,142799084,"ENSG00000253715.1"
"1638","chr8",143484912,143485136,"ENSG00000014164.8"
"1639","chr8",144290341,144290769,"ENSG00000261236.9"
"1640","chr8",144557106,144557401,"ENSG00000147799.13"
"1641","chr9",3835633,3836248,"ENSG00000107249.24"
"1642","chr9",4043540,4044145,"ENSG00000107249.24"
"1643","chr9",4324774,4324872,"ENSG00000107249.24"
"1644","chr9",4386800,4387108,NA
"1645","chr9",7212147,7212395,"ENSG00000302439.1"
"1646","chr9",7336695,7336843,"ENSG00000288042.2"
"1647","chr9",8389528,8389801,"ENSG00000153707.21"
"1648","chr9",13568762,13569128,"ENSG00000226197.5"
"1649","chr9",14652813,14653117,"ENSG00000175893.14"
"1650","chr9",16689401,16689703,"ENSG00000173068.20"
"1651","chr9",16811302,16811575,"ENSG00000173068.20"
"1652","chr9",19122568,19122654,"ENSG00000147872.11"
"1653","chr9",31119920,31120496,NA
"1654","chr9",31335409,31335493,NA
"1655","chr9",31776249,31777327,NA
"1656","chr9",33032597,33032797,"ENSG00000086061.17"
"1657","chr9",33041599,33041609,NA
"1658","chr9",33120615,33120884,"ENSG00000086062.15"
"1659","chr9",36248135,36248555,"ENSG00000122705.19"
"1660","chr9",36517439,36517739,NA
"1661","chr9",38486297,38486759,"ENSG00000291061.2"
"1662","chr9",39062464,39062756,NA
"1663","chr9",39194001,39194298,"ENSG00000106714.19"
"1664","chr9",40336742,40336753,"ENSG00000290718.2"
"1665","chr9",42084829,42085105,"ENSG00000154529.16"
"1666","chr9",42160221,42160389,NA
"1667","chr9",45082569,45082750,NA
"1668","chr9",61120853,61121388,NA
"1669","chr9",61332504,61332933,"ENSG00000283378.1"
"1670","chr9",61424222,61425330,"ENSG00000283378.1"
"1671","chr9",66017713,66017985,"ENSG00000295894.1"
"1672","chr9",67843008,67843019,"ENSG00000260691.8"
"1673","chr9",67876755,67876825,"ENSG00000260691.8"
"1674","chr9",69083250,69083681,"ENSG00000285130.2"
"1675","chr9",73074242,73074639,"ENSG00000165092.14"
"1676","chr9",74974474,74974795,"ENSG00000203321.3"
"1677","chr9",75077624,75077862,"ENSG00000106733.22"
"1678","chr9",75167310,75167773,"ENSG00000308405.1"
"1679","chr9",76619726,76620005,"ENSG00000187210.15"
"1680","chr9",77398981,77398998,"ENSG00000197969.14"
"1681","chr9",79176281,79176491,"ENSG00000260995.3"
"1682","chr9",81394939,81395234,NA
"1683","chr9",85265025,85265127,NA
"1684","chr9",89598381,89598664,"ENSG00000285907.2"
"1685","chr9",90727514,90727680,NA
"1686","chr9",92564454,92564682,"ENSG00000188312.15"
"1687","chr9",92601027,92601421,"ENSG00000188312.15"
"1688","chr9",94308389,94308753,NA
"1689","chr9",94970214,94970449,"ENSG00000148120.20"
"1690","chr9",95991413,95991740,"ENSG00000182150.21"
"1691","chr9",96900091,96900372,"ENSG00000290770.2"
"1692","chr9",97985412,97985516,"ENSG00000136938.10"
"1693","chr9",99146891,99146973,"ENSG00000106799.16"
"1694","chr9",99259606,99260018,NA
"1695","chr9",99907222,99907283,"ENSG00000136874.12"
"1696","chr9",100136890,100137200,"ENSG00000119509.14"
"1697","chr9",100485310,100485598,"ENSG00000251349.3"
"1698","chr9",102425836,102426319,NA
"1699","chr9",105656192,105656517,NA
"1700","chr9",107438249,107438461,"ENSG00000309014.1"
"1701","chr9",109074623,109074681,"ENSG00000106771.14"
"1702","chr9",109889767,109890216,"ENSG00000157654.20"
"1703","chr9",110065528,110065972,"ENSG00000157654.20"
"1704","chr9",112836441,112836789,"ENSG00000148158.18"
"1705","chr9",113247675,113247760,"ENSG00000136868.12"
"1706","chr9",113992539,113992837,"ENSG00000157657.16"
"1707","chr9",114393123,114393149,"ENSG00000106948.18"
"1708","chr9",122214103,122214514,"ENSG00000106852.16"
"1709","chr9",122318306,122318390,"ENSG00000148187.19"
"1710","chr9",122513304,122513728,"ENSG00000234156.4"
"1711","chr9",122835323,122835675,NA
"1712","chr9",123102518,123102772,"ENSG00000011454.19"
"1713","chr9",123251987,123252043,"ENSG00000165209.20"
"1714","chr9",124795712,124796427,"ENSG00000185585.21"
"1715","chr9",126209516,126209781,NA
"1716","chr9",126327553,126327803,"ENSG00000196814.16"
"1717","chr9",127418097,127418188,NA
"1718","chr9",128927835,128927927,"ENSG00000175287.20"
"1719","chr9",129261117,129261418,"ENSG00000204055.5"
"1720","chr9",129624423,129624841,"ENSG00000148335.16"
"1721","chr9",131227435,131227553,"ENSG00000126883.20"
"1722","chr9",132020480,132020717,"ENSG00000160563.15"
"1723","chr9",132631270,132631517,"ENSG00000125485.19"
"1724","chr9",133956807,133957138,"ENSG00000160293.18"
"1725","chr9",134131006,134131030,NA
"1726","chr9",134261338,134261593,"ENSG00000299910.1"
"1727","chr9",137176550,137176835,"ENSG00000176248.10"
"1728","chr9",137269398,137269759,"ENSG00000188986.9"
"1729","chr9",137502903,137503242,"ENSG00000130653.17"
"1730","chr9",137716168,137716523,"ENSG00000181090.22"
"1731","chrX",2391930,2392119,"ENSG00000169084.15"
"1732","chrX",3712649,3712924,"ENSG00000183943.7"
"1733","chrX",11792853,11793084,"ENSG00000305051.1"
"1734","chrX",13658858,13659111,"ENSG00000176896.10"
"1735","chrX",15242979,15243235,"ENSG00000102048.17"
"1736","chrX",15542448,15542487,"ENSG00000102010.16"
"1737","chrX",15849617,15849638,"ENSG00000182287.16"
"1738","chrX",15908958,15909227,NA
"1739","chrX",16808260,16808331,"ENSG00000086712.14"
"1740","chrX",19725638,19726074,"ENSG00000147010.20"
"1741","chrX",22740797,22741004,"ENSG00000233067.5"
"1742","chrX",23532027,23532281,NA
"1743","chrX",31209653,31209883,"ENSG00000198947.18"
"1744","chrX",39465062,39465256,NA
"1745","chrX",41340067,41340094,"ENSG00000215301.12"
"1746","chrX",41383670,41383880,NA
"1747","chrX",45041744,45041772,"ENSG00000147050.19"
"1748","chrX",46341843,46342121,NA
"1749","chrX",46777948,46778198,NA
"1750","chrX",50685003,50685268,"ENSG00000158352.19"
"1751","chrX",71053376,71053740,NA
"1752","chrX",76454602,76454915,NA
"1753","chrX",77078936,77079355,NA
"1754","chrX",100674583,100674917,"ENSG00000102359.9"
"1755","chrX",104282401,104282666,NA
"1756","chrX",109783473,109783710,NA
"1757","chrX",110168100,110168242,"ENSG00000157600.14"
"1758","chrX",118990516,118990714,"ENSG00000175556.19"
"1759","chrX",123905244,123905646,"ENSG00000101966.15"
"1760","chrX",130682591,130682782,"ENSG00000165675.21"
"1761","chrX",135740564,135740867,NA
"1762","chrX",153795399,153795666,"ENSG00000180879.15"
